rescue_latitude,rescue_longitude,release_latitude,release_longitude,record_count,source_url,retrieved_date,note
-27.3,153.0,-27.3,153.0,1745,https://www.data.qld.gov.au/dataset/koala-hospital-data,2026-09-29,Origin and destination coordinates aggregated to 0.1 degrees; only records with both valid coordinate pairs are included.
-27.5,153.2,-27.5,153.2,671,https://www.data.qld.gov.au/dataset/koala-hospital-data,2026-09-29,Origin and destination coordinates aggregated to 0.1 degrees; only records with both valid coordinate pairs are included.
-27.2,153.0,-27.2,153.0,643,https://www.data.qld.gov.au/dataset/koala-hospital-data,2026-09-29,Origin and destination coordinates aggregated to 0.1 degrees; only records with both valid coordinate pairs are included.
-27.5,153.1,-27.5,153.1,492,https://www.data.qld.gov.au/dataset/koala-hospital-data,2026-09-29,Origin and destination coordinates aggregated to 0.1 degrees; only records with both valid coordinate pairs are included.
-27.2,153.1,-27.2,153.1,435,https://www.data.qld.gov.au/dataset/koala-hospital-data,2026-09-29,Origin and destination coordinates aggregated to 0.1 degrees; only records with both valid coordinate pairs are included.
-27.5,153.3,-27.5,153.3,418,https://www.data.qld.gov.au/dataset/koala-hospital-data,2026-09-29,Origin and destination coordinates aggregated to 0.1 degrees; only records with both valid coordinate pairs are included.
-27.3,152.9,-27.3,152.9,377,https://www.data.qld.gov.au/dataset/koala-hospital-data,2026-09-29,Origin and destination coordinates aggregated to 0.1 degrees; only records with both valid coordinate pairs are included.
-27.9,153.3,-27.9,153.3,291,https://www.data.qld.gov.au/dataset/koala-hospital-data,2026-09-29,Origin and destination coordinates aggregated to 0.1 degrees; only records with both valid coordinate pairs are included.
-27.6,153.1,-27.6,153.1,257,https://www.data.qld.gov.au/dataset/koala-hospital-data,2026-09-29,Origin and destination coordinates aggregated to 0.1 degrees; only records with both valid coordinate pairs are included.
-27.6,153.2,-27.6,153.2,248,https://www.data.qld.gov.au/dataset/koala-hospital-data,2026-09-29,Origin and destination coordinates aggregated to 0.1 degrees; only records with both valid coordinate pairs are included.
-27.6,153.3,-27.6,153.3,220,https://www.data.qld.gov.au/dataset/koala-hospital-data,2026-09-29,Origin and destination coordinates aggregated to 0.1 degrees; only records with both valid coordinate pairs are included.
-27.3,153.0,-27.3,152.9,212,https://www.data.qld.gov.au/dataset/koala-hospital-data,2026-09-29,Origin and destination coordinates aggregated to 0.1 degrees; only records with both valid coordinate pairs are included.
-28.1,153.4,-28.1,153.4,172,https://www.data.qld.gov.au/dataset/koala-hospital-data,2026-09-29,Origin and destination coordinates aggregated to 0.1 degrees; only records with both valid coordinate pairs are included.
-27.2,152.9,-27.2,152.9,142,https://www.data.qld.gov.au/dataset/koala-hospital-data,2026-09-29,Origin and destination coordinates aggregated to 0.1 degrees; only records with both valid coordinate pairs are included.
-27.8,153.4,-27.8,153.4,132,https://www.data.qld.gov.au/dataset/koala-hospital-data,2026-09-29,Origin and destination coordinates aggregated to 0.1 degrees; only records with both valid coordinate pairs are included.
-27.7,153.2,-27.7,153.2,124,https://www.data.qld.gov.au/dataset/koala-hospital-data,2026-09-29,Origin and destination coordinates aggregated to 0.1 degrees; only records with both valid coordinate pairs are included.
-27.1,152.9,-27.1,152.9,124,https://www.data.qld.gov.au/dataset/koala-hospital-data,2026-09-29,Origin and destination coordinates aggregated to 0.1 degrees; only records with both valid coordinate pairs are included.
-27.9,153.4,-27.9,153.4,105,https://www.data.qld.gov.au/dataset/koala-hospital-data,2026-09-29,Origin and destination coordinates aggregated to 0.1 degrees; only records with both valid coordinate pairs are included.
-28.0,153.3,-28.0,153.3,88,https://www.data.qld.gov.au/dataset/koala-hospital-data,2026-09-29,Origin and destination coordinates aggregated to 0.1 degrees; only records with both valid coordinate pairs are included.
-28.2,153.4,-28.2,153.4,77,https://www.data.qld.gov.au/dataset/koala-hospital-data,2026-09-29,Origin and destination coordinates aggregated to 0.1 degrees; only records with both valid coordinate pairs are included.
-27.1,153.0,-27.1,153.0,69,https://www.data.qld.gov.au/dataset/koala-hospital-data,2026-09-29,Origin and destination coordinates aggregated to 0.1 degrees; only records with both valid coordinate pairs are included.
-28.1,153.5,-28.1,153.5,63,https://www.data.qld.gov.au/dataset/koala-hospital-data,2026-09-29,Origin and destination coordinates aggregated to 0.1 degrees; only records with both valid coordinate pairs are included.
-27.8,153.1,-27.8,153.1,62,https://www.data.qld.gov.au/dataset/koala-hospital-data,2026-09-29,Origin and destination coordinates aggregated to 0.1 degrees; only records with both valid coordinate pairs are included.
-27.3,153.0,-27.2,153.0,60,https://www.data.qld.gov.au/dataset/koala-hospital-data,2026-09-29,Origin and destination coordinates aggregated to 0.1 degrees; only records with both valid coordinate pairs are included.
-27.3,152.6,-27.3,152.6,57,https://www.data.qld.gov.au/dataset/koala-hospital-data,2026-09-29,Origin and destination coordinates aggregated to 0.1 degrees; only records with both valid coordinate pairs are included.
-27.8,153.3,-27.8,153.3,55,https://www.data.qld.gov.au/dataset/koala-hospital-data,2026-09-29,Origin and destination coordinates aggregated to 0.1 degrees; only records with both valid coordinate pairs are included.
-27.2,153.0,-27.2,152.9,54,https://www.data.qld.gov.au/dataset/koala-hospital-data,2026-09-29,Origin and destination coordinates aggregated to 0.1 degrees; only records with both valid coordinate pairs are included.
-27.6,153.1,-27.5,153.1,53,https://www.data.qld.gov.au/dataset/koala-hospital-data,2026-09-29,Origin and destination coordinates aggregated to 0.1 degrees; only records with both valid coordinate pairs are included.
-27.2,153.0,-27.3,153.0,51,https://www.data.qld.gov.au/dataset/koala-hospital-data,2026-09-29,Origin and destination coordinates aggregated to 0.1 degrees; only records with both valid coordinate pairs are included.
-27.3,153.0,-27.2,152.9,48,https://www.data.qld.gov.au/dataset/koala-hospital-data,2026-09-29,Origin and destination coordinates aggregated to 0.1 degrees; only records with both valid coordinate pairs are included.
-28.0,153.4,-28.0,153.4,47,https://www.data.qld.gov.au/dataset/koala-hospital-data,2026-09-29,Origin and destination coordinates aggregated to 0.1 degrees; only records with both valid coordinate pairs are included.
-27.7,152.5,-27.7,152.5,46,https://www.data.qld.gov.au/dataset/koala-hospital-data,2026-09-29,Origin and destination coordinates aggregated to 0.1 degrees; only records with both valid coordinate pairs are included.
-27.4,153.0,-27.4,153.0,44,https://www.data.qld.gov.au/dataset/koala-hospital-data,2026-09-29,Origin and destination coordinates aggregated to 0.1 degrees; only records with both valid coordinate pairs are included.
-27.7,153.1,-27.7,153.1,42,https://www.data.qld.gov.au/dataset/koala-hospital-data,2026-09-29,Origin and destination coordinates aggregated to 0.1 degrees; only records with both valid coordinate pairs are included.
-27.2,153.1,-27.2,153.0,42,https://www.data.qld.gov.au/dataset/koala-hospital-data,2026-09-29,Origin and destination coordinates aggregated to 0.1 degrees; only records with both valid coordinate pairs are included.
-28.1,153.5,-28.1,153.4,42,https://www.data.qld.gov.au/dataset/koala-hospital-data,2026-09-29,Origin and destination coordinates aggregated to 0.1 degrees; only records with both valid coordinate pairs are included.
-26.4,152.7,-26.4,152.7,42,https://www.data.qld.gov.au/dataset/koala-hospital-data,2026-09-29,Origin and destination coordinates aggregated to 0.1 degrees; only records with both valid coordinate pairs are included.
-26.4,153.0,-26.4,153.0,41,https://www.data.qld.gov.au/dataset/koala-hospital-data,2026-09-29,Origin and destination coordinates aggregated to 0.1 degrees; only records with both valid coordinate pairs are included.
-27.1,152.4,-27.1,152.4,40,https://www.data.qld.gov.au/dataset/koala-hospital-data,2026-09-29,Origin and destination coordinates aggregated to 0.1 degrees; only records with both valid coordinate pairs are included.
-27.6,152.7,-27.6,152.7,37,https://www.data.qld.gov.au/dataset/koala-hospital-data,2026-09-29,Origin and destination coordinates aggregated to 0.1 degrees; only records with both valid coordinate pairs are included.
-26.1,152.8,-26.1,152.8,37,https://www.data.qld.gov.au/dataset/koala-hospital-data,2026-09-29,Origin and destination coordinates aggregated to 0.1 degrees; only records with both valid coordinate pairs are included.
-27.4,152.6,-27.4,152.6,35,https://www.data.qld.gov.au/dataset/koala-hospital-data,2026-09-29,Origin and destination coordinates aggregated to 0.1 degrees; only records with both valid coordinate pairs are included.
-28.2,153.5,-28.2,153.5,31,https://www.data.qld.gov.au/dataset/koala-hospital-data,2026-09-29,Origin and destination coordinates aggregated to 0.1 degrees; only records with both valid coordinate pairs are included.
-27.5,153.3,-27.5,153.2,30,https://www.data.qld.gov.au/dataset/koala-hospital-data,2026-09-29,Origin and destination coordinates aggregated to 0.1 degrees; only records with both valid coordinate pairs are included.
-28.1,153.4,-28.2,153.4,29,https://www.data.qld.gov.au/dataset/koala-hospital-data,2026-09-29,Origin and destination coordinates aggregated to 0.1 degrees; only records with both valid coordinate pairs are included.
-28.0,153.2,-28.0,153.2,29,https://www.data.qld.gov.au/dataset/koala-hospital-data,2026-09-29,Origin and destination coordinates aggregated to 0.1 degrees; only records with both valid coordinate pairs are included.
-27.4,152.5,-27.4,152.5,28,https://www.data.qld.gov.au/dataset/koala-hospital-data,2026-09-29,Origin and destination coordinates aggregated to 0.1 degrees; only records with both valid coordinate pairs are included.
-27.6,152.6,-27.6,152.6,27,https://www.data.qld.gov.au/dataset/koala-hospital-data,2026-09-29,Origin and destination coordinates aggregated to 0.1 degrees; only records with both valid coordinate pairs are included.
-27.6,152.9,-27.6,152.9,27,https://www.data.qld.gov.au/dataset/koala-hospital-data,2026-09-29,Origin and destination coordinates aggregated to 0.1 degrees; only records with both valid coordinate pairs are included.
-26.4,153.1,-26.4,153.1,27,https://www.data.qld.gov.au/dataset/koala-hospital-data,2026-09-29,Origin and destination coordinates aggregated to 0.1 degrees; only records with both valid coordinate pairs are included.
-27.4,152.9,-27.4,152.9,25,https://www.data.qld.gov.au/dataset/koala-hospital-data,2026-09-29,Origin and destination coordinates aggregated to 0.1 degrees; only records with both valid coordinate pairs are included.
-27.5,153.2,-27.6,153.2,24,https://www.data.qld.gov.au/dataset/koala-hospital-data,2026-09-29,Origin and destination coordinates aggregated to 0.1 degrees; only records with both valid coordinate pairs are included.
-27.3,152.4,-27.3,152.4,24,https://www.data.qld.gov.au/dataset/koala-hospital-data,2026-09-29,Origin and destination coordinates aggregated to 0.1 degrees; only records with both valid coordinate pairs are included.
-27.2,152.4,-27.2,152.4,24,https://www.data.qld.gov.au/dataset/koala-hospital-data,2026-09-29,Origin and destination coordinates aggregated to 0.1 degrees; only records with both valid coordinate pairs are included.
-27.5,153.2,-27.5,153.3,23,https://www.data.qld.gov.au/dataset/koala-hospital-data,2026-09-29,Origin and destination coordinates aggregated to 0.1 degrees; only records with both valid coordinate pairs are included.
-27.2,153.1,-27.2,152.9,23,https://www.data.qld.gov.au/dataset/koala-hospital-data,2026-09-29,Origin and destination coordinates aggregated to 0.1 degrees; only records with both valid coordinate pairs are included.
-27.3,153.1,-27.3,153.1,22,https://www.data.qld.gov.au/dataset/koala-hospital-data,2026-09-29,Origin and destination coordinates aggregated to 0.1 degrees; only records with both valid coordinate pairs are included.
-25.6,152.7,-25.6,152.7,22,https://www.data.qld.gov.au/dataset/koala-hospital-data,2026-09-29,Origin and destination coordinates aggregated to 0.1 degrees; only records with both valid coordinate pairs are included.
-27.9,153.1,-27.9,153.1,21,https://www.data.qld.gov.au/dataset/koala-hospital-data,2026-09-29,Origin and destination coordinates aggregated to 0.1 degrees; only records with both valid coordinate pairs are included.
-27.6,152.0,-27.6,152.0,21,https://www.data.qld.gov.au/dataset/koala-hospital-data,2026-09-29,Origin and destination coordinates aggregated to 0.1 degrees; only records with both valid coordinate pairs are included.
-27.6,153.1,-27.6,153.2,20,https://www.data.qld.gov.au/dataset/koala-hospital-data,2026-09-29,Origin and destination coordinates aggregated to 0.1 degrees; only records with both valid coordinate pairs are included.
-27.3,153.1,-27.2,153.1,20,https://www.data.qld.gov.au/dataset/koala-hospital-data,2026-09-29,Origin and destination coordinates aggregated to 0.1 degrees; only records with both valid coordinate pairs are included.
-27.9,153.3,-27.8,153.4,20,https://www.data.qld.gov.au/dataset/koala-hospital-data,2026-09-29,Origin and destination coordinates aggregated to 0.1 degrees; only records with both valid coordinate pairs are included.
-26.3,152.7,-26.3,152.7,20,https://www.data.qld.gov.au/dataset/koala-hospital-data,2026-09-29,Origin and destination coordinates aggregated to 0.1 degrees; only records with both valid coordinate pairs are included.
-27.7,152.7,-27.7,152.7,19,https://www.data.qld.gov.au/dataset/koala-hospital-data,2026-09-29,Origin and destination coordinates aggregated to 0.1 degrees; only records with both valid coordinate pairs are included.
-27.5,152.6,-27.5,152.6,19,https://www.data.qld.gov.au/dataset/koala-hospital-data,2026-09-29,Origin and destination coordinates aggregated to 0.1 degrees; only records with both valid coordinate pairs are included.
-27.9,153.3,-27.8,153.3,19,https://www.data.qld.gov.au/dataset/koala-hospital-data,2026-09-29,Origin and destination coordinates aggregated to 0.1 degrees; only records with both valid coordinate pairs are included.
-26.2,152.7,-26.2,152.7,18,https://www.data.qld.gov.au/dataset/koala-hospital-data,2026-09-29,Origin and destination coordinates aggregated to 0.1 degrees; only records with both valid coordinate pairs are included.
-27.3,152.9,-27.3,153.0,16,https://www.data.qld.gov.au/dataset/koala-hospital-data,2026-09-29,Origin and destination coordinates aggregated to 0.1 degrees; only records with both valid coordinate pairs are included.
-27.5,153.0,-27.5,153.0,16,https://www.data.qld.gov.au/dataset/koala-hospital-data,2026-09-29,Origin and destination coordinates aggregated to 0.1 degrees; only records with both valid coordinate pairs are included.
-28.1,153.5,-28.2,153.4,16,https://www.data.qld.gov.au/dataset/koala-hospital-data,2026-09-29,Origin and destination coordinates aggregated to 0.1 degrees; only records with both valid coordinate pairs are included.
-27.5,152.5,-27.5,152.5,16,https://www.data.qld.gov.au/dataset/koala-hospital-data,2026-09-29,Origin and destination coordinates aggregated to 0.1 degrees; only records with both valid coordinate pairs are included.
-27.9,153.2,-27.9,153.2,15,https://www.data.qld.gov.au/dataset/koala-hospital-data,2026-09-29,Origin and destination coordinates aggregated to 0.1 degrees; only records with both valid coordinate pairs are included.
-27.2,153.0,-27.2,153.1,15,https://www.data.qld.gov.au/dataset/koala-hospital-data,2026-09-29,Origin and destination coordinates aggregated to 0.1 degrees; only records with both valid coordinate pairs are included.
-27.5,152.4,-27.5,152.4,15,https://www.data.qld.gov.au/dataset/koala-hospital-data,2026-09-29,Origin and destination coordinates aggregated to 0.1 degrees; only records with both valid coordinate pairs are included.
-27.8,152.7,-27.8,152.7,14,https://www.data.qld.gov.au/dataset/koala-hospital-data,2026-09-29,Origin and destination coordinates aggregated to 0.1 degrees; only records with both valid coordinate pairs are included.
-26.7,152.5,-26.7,152.5,14,https://www.data.qld.gov.au/dataset/koala-hospital-data,2026-09-29,Origin and destination coordinates aggregated to 0.1 degrees; only records with both valid coordinate pairs are included.
-27.5,153.3,-27.6,153.3,13,https://www.data.qld.gov.au/dataset/koala-hospital-data,2026-09-29,Origin and destination coordinates aggregated to 0.1 degrees; only records with both valid coordinate pairs are included.
-27.2,153.0,-27.3,152.9,13,https://www.data.qld.gov.au/dataset/koala-hospital-data,2026-09-29,Origin and destination coordinates aggregated to 0.1 degrees; only records with both valid coordinate pairs are included.
-27.6,152.8,-27.6,152.8,13,https://www.data.qld.gov.au/dataset/koala-hospital-data,2026-09-29,Origin and destination coordinates aggregated to 0.1 degrees; only records with both valid coordinate pairs are included.
-28.1,153.3,-28.1,153.3,13,https://www.data.qld.gov.au/dataset/koala-hospital-data,2026-09-29,Origin and destination coordinates aggregated to 0.1 degrees; only records with both valid coordinate pairs are included.
-27.4,152.4,-27.4,152.4,13,https://www.data.qld.gov.au/dataset/koala-hospital-data,2026-09-29,Origin and destination coordinates aggregated to 0.1 degrees; only records with both valid coordinate pairs are included.
-26.2,152.4,-26.2,152.4,13,https://www.data.qld.gov.au/dataset/koala-hospital-data,2026-09-29,Origin and destination coordinates aggregated to 0.1 degrees; only records with both valid coordinate pairs are included.
-27.7,153.3,-27.7,153.3,12,https://www.data.qld.gov.au/dataset/koala-hospital-data,2026-09-29,Origin and destination coordinates aggregated to 0.1 degrees; only records with both valid coordinate pairs are included.
-27.6,153.2,-27.5,153.2,12,https://www.data.qld.gov.au/dataset/koala-hospital-data,2026-09-29,Origin and destination coordinates aggregated to 0.1 degrees; only records with both valid coordinate pairs are included.
-27.5,153.1,-27.6,153.1,12,https://www.data.qld.gov.au/dataset/koala-hospital-data,2026-09-29,Origin and destination coordinates aggregated to 0.1 degrees; only records with both valid coordinate pairs are included.
-27.9,153.4,-27.9,153.3,12,https://www.data.qld.gov.au/dataset/koala-hospital-data,2026-09-29,Origin and destination coordinates aggregated to 0.1 degrees; only records with both valid coordinate pairs are included.
-27.4,153.4,-27.4,153.4,12,https://www.data.qld.gov.au/dataset/koala-hospital-data,2026-09-29,Origin and destination coordinates aggregated to 0.1 degrees; only records with both valid coordinate pairs are included.
-26.8,152.8,-26.8,152.8,12,https://www.data.qld.gov.au/dataset/koala-hospital-data,2026-09-29,Origin and destination coordinates aggregated to 0.1 degrees; only records with both valid coordinate pairs are included.
-27.4,152.0,-27.4,152.0,12,https://www.data.qld.gov.au/dataset/koala-hospital-data,2026-09-29,Origin and destination coordinates aggregated to 0.1 degrees; only records with both valid coordinate pairs are included.
-28.0,153.4,-27.9,153.4,12,https://www.data.qld.gov.au/dataset/koala-hospital-data,2026-09-29,Origin and destination coordinates aggregated to 0.1 degrees; only records with both valid coordinate pairs are included.
-27.6,153.3,-27.5,153.3,11,https://www.data.qld.gov.au/dataset/koala-hospital-data,2026-09-29,Origin and destination coordinates aggregated to 0.1 degrees; only records with both valid coordinate pairs are included.
-27.8,153.0,-27.8,153.0,11,https://www.data.qld.gov.au/dataset/koala-hospital-data,2026-09-29,Origin and destination coordinates aggregated to 0.1 degrees; only records with both valid coordinate pairs are included.
-27.6,153.3,-27.6,153.2,11,https://www.data.qld.gov.au/dataset/koala-hospital-data,2026-09-29,Origin and destination coordinates aggregated to 0.1 degrees; only records with both valid coordinate pairs are included.
-27.7,152.8,-27.7,152.8,11,https://www.data.qld.gov.au/dataset/koala-hospital-data,2026-09-29,Origin and destination coordinates aggregated to 0.1 degrees; only records with both valid coordinate pairs are included.
-27.9,152.7,-27.9,152.7,11,https://www.data.qld.gov.au/dataset/koala-hospital-data,2026-09-29,Origin and destination coordinates aggregated to 0.1 degrees; only records with both valid coordinate pairs are included.
-27.5,152.0,-27.5,152.0,11,https://www.data.qld.gov.au/dataset/koala-hospital-data,2026-09-29,Origin and destination coordinates aggregated to 0.1 degrees; only records with both valid coordinate pairs are included.
-26.6,151.8,-26.6,151.8,11,https://www.data.qld.gov.au/dataset/koala-hospital-data,2026-09-29,Origin and destination coordinates aggregated to 0.1 degrees; only records with both valid coordinate pairs are included.
-26.1,152.9,-26.1,152.9,11,https://www.data.qld.gov.au/dataset/koala-hospital-data,2026-09-29,Origin and destination coordinates aggregated to 0.1 degrees; only records with both valid coordinate pairs are included.
-27.5,153.1,-27.6,152.9,11,https://www.data.qld.gov.au/dataset/koala-hospital-data,2026-09-29,Origin and destination coordinates aggregated to 0.1 degrees; only records with both valid coordinate pairs are included.
-27.8,153.2,-27.8,153.2,10,https://www.data.qld.gov.au/dataset/koala-hospital-data,2026-09-29,Origin and destination coordinates aggregated to 0.1 degrees; only records with both valid coordinate pairs are included.
-27.0,153.1,-27.0,153.1,10,https://www.data.qld.gov.au/dataset/koala-hospital-data,2026-09-29,Origin and destination coordinates aggregated to 0.1 degrees; only records with both valid coordinate pairs are included.
-27.2,152.8,-27.2,152.8,10,https://www.data.qld.gov.au/dataset/koala-hospital-data,2026-09-29,Origin and destination coordinates aggregated to 0.1 degrees; only records with both valid coordinate pairs are included.
-26.7,152.8,-26.7,152.8,10,https://www.data.qld.gov.au/dataset/koala-hospital-data,2026-09-29,Origin and destination coordinates aggregated to 0.1 degrees; only records with both valid coordinate pairs are included.
-27.9,153.3,-27.9,153.4,10,https://www.data.qld.gov.au/dataset/koala-hospital-data,2026-09-29,Origin and destination coordinates aggregated to 0.1 degrees; only records with both valid coordinate pairs are included.
-28.1,153.4,-28.1,153.5,10,https://www.data.qld.gov.au/dataset/koala-hospital-data,2026-09-29,Origin and destination coordinates aggregated to 0.1 degrees; only records with both valid coordinate pairs are included.
-26.4,152.9,-26.4,152.9,10,https://www.data.qld.gov.au/dataset/koala-hospital-data,2026-09-29,Origin and destination coordinates aggregated to 0.1 degrees; only records with both valid coordinate pairs are included.
-27.5,153.1,-27.5,153.2,9,https://www.data.qld.gov.au/dataset/koala-hospital-data,2026-09-29,Origin and destination coordinates aggregated to 0.1 degrees; only records with both valid coordinate pairs are included.
-27.5,152.9,-27.5,152.9,9,https://www.data.qld.gov.au/dataset/koala-hospital-data,2026-09-29,Origin and destination coordinates aggregated to 0.1 degrees; only records with both valid coordinate pairs are included.
-27.7,152.6,-27.7,152.6,9,https://www.data.qld.gov.au/dataset/koala-hospital-data,2026-09-29,Origin and destination coordinates aggregated to 0.1 degrees; only records with both valid coordinate pairs are included.
-27.2,153.1,-27.3,153.1,9,https://www.data.qld.gov.au/dataset/koala-hospital-data,2026-09-29,Origin and destination coordinates aggregated to 0.1 degrees; only records with both valid coordinate pairs are included.
-27.7,152.7,-27.7,152.6,9,https://www.data.qld.gov.au/dataset/koala-hospital-data,2026-09-29,Origin and destination coordinates aggregated to 0.1 degrees; only records with both valid coordinate pairs are included.
-26.7,153.0,-26.7,153.0,9,https://www.data.qld.gov.au/dataset/koala-hospital-data,2026-09-29,Origin and destination coordinates aggregated to 0.1 degrees; only records with both valid coordinate pairs are included.
-27.8,153.3,-28.0,153.3,9,https://www.data.qld.gov.au/dataset/koala-hospital-data,2026-09-29,Origin and destination coordinates aggregated to 0.1 degrees; only records with both valid coordinate pairs are included.
-27.5,151.9,-27.5,151.9,9,https://www.data.qld.gov.au/dataset/koala-hospital-data,2026-09-29,Origin and destination coordinates aggregated to 0.1 degrees; only records with both valid coordinate pairs are included.
-26.9,152.6,-26.9,152.6,9,https://www.data.qld.gov.au/dataset/koala-hospital-data,2026-09-29,Origin and destination coordinates aggregated to 0.1 degrees; only records with both valid coordinate pairs are included.
-27.5,153.0,-27.5,153.1,9,https://www.data.qld.gov.au/dataset/koala-hospital-data,2026-09-29,Origin and destination coordinates aggregated to 0.1 degrees; only records with both valid coordinate pairs are included.
-26.4,152.8,-26.4,152.8,9,https://www.data.qld.gov.au/dataset/koala-hospital-data,2026-09-29,Origin and destination coordinates aggregated to 0.1 degrees; only records with both valid coordinate pairs are included.
-27.7,153.0,-27.7,153.0,8,https://www.data.qld.gov.au/dataset/koala-hospital-data,2026-09-29,Origin and destination coordinates aggregated to 0.1 degrees; only records with both valid coordinate pairs are included.
-27.7,153.2,-27.6,153.2,8,https://www.data.qld.gov.au/dataset/koala-hospital-data,2026-09-29,Origin and destination coordinates aggregated to 0.1 degrees; only records with both valid coordinate pairs are included.
-27.2,152.9,-27.3,152.9,8,https://www.data.qld.gov.au/dataset/koala-hospital-data,2026-09-29,Origin and destination coordinates aggregated to 0.1 degrees; only records with both valid coordinate pairs are included.
-27.1,153.0,-27.2,153.0,8,https://www.data.qld.gov.au/dataset/koala-hospital-data,2026-09-29,Origin and destination coordinates aggregated to 0.1 degrees; only records with both valid coordinate pairs are included.
-27.4,151.7,-27.4,151.7,8,https://www.data.qld.gov.au/dataset/koala-hospital-data,2026-09-29,Origin and destination coordinates aggregated to 0.1 degrees; only records with both valid coordinate pairs are included.
-28.2,153.5,-28.2,153.4,8,https://www.data.qld.gov.au/dataset/koala-hospital-data,2026-09-29,Origin and destination coordinates aggregated to 0.1 degrees; only records with both valid coordinate pairs are included.
-27.9,153.3,-28.0,153.3,8,https://www.data.qld.gov.au/dataset/koala-hospital-data,2026-09-29,Origin and destination coordinates aggregated to 0.1 degrees; only records with both valid coordinate pairs are included.
-25.5,152.7,-25.5,152.7,8,https://www.data.qld.gov.au/dataset/koala-hospital-data,2026-09-29,Origin and destination coordinates aggregated to 0.1 degrees; only records with both valid coordinate pairs are included.
-25.6,152.7,-25.5,152.8,8,https://www.data.qld.gov.au/dataset/koala-hospital-data,2026-09-29,Origin and destination coordinates aggregated to 0.1 degrees; only records with both valid coordinate pairs are included.
-28.2,152.9,-28.2,152.9,8,https://www.data.qld.gov.au/dataset/koala-hospital-data,2026-09-29,Origin and destination coordinates aggregated to 0.1 degrees; only records with both valid coordinate pairs are included.
-27.4,151.9,-27.4,151.9,8,https://www.data.qld.gov.au/dataset/koala-hospital-data,2026-09-29,Origin and destination coordinates aggregated to 0.1 degrees; only records with both valid coordinate pairs are included.
-27.4,153.4,-27.6,153.2,8,https://www.data.qld.gov.au/dataset/koala-hospital-data,2026-09-29,Origin and destination coordinates aggregated to 0.1 degrees; only records with both valid coordinate pairs are included.
-26.1,152.6,-26.1,152.6,8,https://www.data.qld.gov.au/dataset/koala-hospital-data,2026-09-29,Origin and destination coordinates aggregated to 0.1 degrees; only records with both valid coordinate pairs are included.
-27.5,153.2,-27.5,153.1,7,https://www.data.qld.gov.au/dataset/koala-hospital-data,2026-09-29,Origin and destination coordinates aggregated to 0.1 degrees; only records with both valid coordinate pairs are included.
-27.1,152.6,-27.1,152.6,7,https://www.data.qld.gov.au/dataset/koala-hospital-data,2026-09-29,Origin and destination coordinates aggregated to 0.1 degrees; only records with both valid coordinate pairs are included.
-26.5,153.1,-26.5,153.0,7,https://www.data.qld.gov.au/dataset/koala-hospital-data,2026-09-29,Origin and destination coordinates aggregated to 0.1 degrees; only records with both valid coordinate pairs are included.
-28.0,152.5,-28.0,152.5,7,https://www.data.qld.gov.au/dataset/koala-hospital-data,2026-09-29,Origin and destination coordinates aggregated to 0.1 degrees; only records with both valid coordinate pairs are included.
-27.5,153.1,-27.5,153.0,7,https://www.data.qld.gov.au/dataset/koala-hospital-data,2026-09-29,Origin and destination coordinates aggregated to 0.1 degrees; only records with both valid coordinate pairs are included.
-28.0,152.6,-28.0,152.6,7,https://www.data.qld.gov.au/dataset/koala-hospital-data,2026-09-29,Origin and destination coordinates aggregated to 0.1 degrees; only records with both valid coordinate pairs are included.
-27.9,153.3,-27.9,153.2,7,https://www.data.qld.gov.au/dataset/koala-hospital-data,2026-09-29,Origin and destination coordinates aggregated to 0.1 degrees; only records with both valid coordinate pairs are included.
-28.0,152.7,-28.0,152.7,7,https://www.data.qld.gov.au/dataset/koala-hospital-data,2026-09-29,Origin and destination coordinates aggregated to 0.1 degrees; only records with both valid coordinate pairs are included.
-27.0,152.4,-27.0,152.4,7,https://www.data.qld.gov.au/dataset/koala-hospital-data,2026-09-29,Origin and destination coordinates aggregated to 0.1 degrees; only records with both valid coordinate pairs are included.
-27.3,152.1,-27.3,152.1,7,https://www.data.qld.gov.au/dataset/koala-hospital-data,2026-09-29,Origin and destination coordinates aggregated to 0.1 degrees; only records with both valid coordinate pairs are included.
-27.5,153.2,-27.6,153.3,6,https://www.data.qld.gov.au/dataset/koala-hospital-data,2026-09-29,Origin and destination coordinates aggregated to 0.1 degrees; only records with both valid coordinate pairs are included.
-27.6,153.1,-27.7,153.2,6,https://www.data.qld.gov.au/dataset/koala-hospital-data,2026-09-29,Origin and destination coordinates aggregated to 0.1 degrees; only records with both valid coordinate pairs are included.
-26.5,153.1,-26.5,153.1,6,https://www.data.qld.gov.au/dataset/koala-hospital-data,2026-09-29,Origin and destination coordinates aggregated to 0.1 degrees; only records with both valid coordinate pairs are included.
-27.2,152.9,-27.2,153.0,6,https://www.data.qld.gov.au/dataset/koala-hospital-data,2026-09-29,Origin and destination coordinates aggregated to 0.1 degrees; only records with both valid coordinate pairs are included.
-27.6,152.8,-27.6,152.7,6,https://www.data.qld.gov.au/dataset/koala-hospital-data,2026-09-29,Origin and destination coordinates aggregated to 0.1 degrees; only records with both valid coordinate pairs are included.
-27.5,153.4,-27.5,153.4,6,https://www.data.qld.gov.au/dataset/koala-hospital-data,2026-09-29,Origin and destination coordinates aggregated to 0.1 degrees; only records with both valid coordinate pairs are included.
-27.2,153.0,-27.1,153.0,6,https://www.data.qld.gov.au/dataset/koala-hospital-data,2026-09-29,Origin and destination coordinates aggregated to 0.1 degrees; only records with both valid coordinate pairs are included.
-27.4,153.4,-27.4,153.5,6,https://www.data.qld.gov.au/dataset/koala-hospital-data,2026-09-29,Origin and destination coordinates aggregated to 0.1 degrees; only records with both valid coordinate pairs are included.
-27.5,152.6,-27.4,152.6,6,https://www.data.qld.gov.au/dataset/koala-hospital-data,2026-09-29,Origin and destination coordinates aggregated to 0.1 degrees; only records with both valid coordinate pairs are included.
-27.5,153.1,-27.6,153.2,6,https://www.data.qld.gov.au/dataset/koala-hospital-data,2026-09-29,Origin and destination coordinates aggregated to 0.1 degrees; only records with both valid coordinate pairs are included.
-28.0,153.4,-28.0,153.3,6,https://www.data.qld.gov.au/dataset/koala-hospital-data,2026-09-29,Origin and destination coordinates aggregated to 0.1 degrees; only records with both valid coordinate pairs are included.
-27.1,153.0,-27.1,152.9,6,https://www.data.qld.gov.au/dataset/koala-hospital-data,2026-09-29,Origin and destination coordinates aggregated to 0.1 degrees; only records with both valid coordinate pairs are included.
-27.4,152.7,-27.4,152.7,6,https://www.data.qld.gov.au/dataset/koala-hospital-data,2026-09-29,Origin and destination coordinates aggregated to 0.1 degrees; only records with both valid coordinate pairs are included.
-26.5,151.9,-26.5,151.9,6,https://www.data.qld.gov.au/dataset/koala-hospital-data,2026-09-29,Origin and destination coordinates aggregated to 0.1 degrees; only records with both valid coordinate pairs are included.
-26.5,153.0,-26.5,153.0,6,https://www.data.qld.gov.au/dataset/koala-hospital-data,2026-09-29,Origin and destination coordinates aggregated to 0.1 degrees; only records with both valid coordinate pairs are included.
-27.8,153.4,-27.8,153.3,6,https://www.data.qld.gov.au/dataset/koala-hospital-data,2026-09-29,Origin and destination coordinates aggregated to 0.1 degrees; only records with both valid coordinate pairs are included.
-27.7,153.1,-27.7,153.2,5,https://www.data.qld.gov.au/dataset/koala-hospital-data,2026-09-29,Origin and destination coordinates aggregated to 0.1 degrees; only records with both valid coordinate pairs are included.
-27.1,152.9,-27.2,152.9,5,https://www.data.qld.gov.au/dataset/koala-hospital-data,2026-09-29,Origin and destination coordinates aggregated to 0.1 degrees; only records with both valid coordinate pairs are included.
-27.5,153.3,-27.3,153.3,5,https://www.data.qld.gov.au/dataset/koala-hospital-data,2026-09-29,Origin and destination coordinates aggregated to 0.1 degrees; only records with both valid coordinate pairs are included.
-27.7,152.9,-27.7,152.9,5,https://www.data.qld.gov.au/dataset/koala-hospital-data,2026-09-29,Origin and destination coordinates aggregated to 0.1 degrees; only records with both valid coordinate pairs are included.
-27.4,153.0,-27.4,152.9,5,https://www.data.qld.gov.au/dataset/koala-hospital-data,2026-09-29,Origin and destination coordinates aggregated to 0.1 degrees; only records with both valid coordinate pairs are included.
-27.2,153.1,-27.3,153.0,5,https://www.data.qld.gov.au/dataset/koala-hospital-data,2026-09-29,Origin and destination coordinates aggregated to 0.1 degrees; only records with both valid coordinate pairs are included.
-27.3,152.9,-27.2,152.9,5,https://www.data.qld.gov.au/dataset/koala-hospital-data,2026-09-29,Origin and destination coordinates aggregated to 0.1 degrees; only records with both valid coordinate pairs are included.
-27.6,153.2,-27.6,153.1,5,https://www.data.qld.gov.au/dataset/koala-hospital-data,2026-09-29,Origin and destination coordinates aggregated to 0.1 degrees; only records with both valid coordinate pairs are included.
-27.1,152.9,-27.1,152.8,5,https://www.data.qld.gov.au/dataset/koala-hospital-data,2026-09-29,Origin and destination coordinates aggregated to 0.1 degrees; only records with both valid coordinate pairs are included.
-28.1,153.5,-28.2,153.5,5,https://www.data.qld.gov.au/dataset/koala-hospital-data,2026-09-29,Origin and destination coordinates aggregated to 0.1 degrees; only records with both valid coordinate pairs are included.
-26.4,153.1,-26.4,153.0,5,https://www.data.qld.gov.au/dataset/koala-hospital-data,2026-09-29,Origin and destination coordinates aggregated to 0.1 degrees; only records with both valid coordinate pairs are included.
-27.5,152.3,-27.5,152.3,5,https://www.data.qld.gov.au/dataset/koala-hospital-data,2026-09-29,Origin and destination coordinates aggregated to 0.1 degrees; only records with both valid coordinate pairs are included.
-28.2,153.4,-28.1,153.4,5,https://www.data.qld.gov.au/dataset/koala-hospital-data,2026-09-29,Origin and destination coordinates aggregated to 0.1 degrees; only records with both valid coordinate pairs are included.
-27.8,153.0,-27.8,153.1,5,https://www.data.qld.gov.au/dataset/koala-hospital-data,2026-09-29,Origin and destination coordinates aggregated to 0.1 degrees; only records with both valid coordinate pairs are included.
-27.6,151.9,-27.6,151.9,5,https://www.data.qld.gov.au/dataset/koala-hospital-data,2026-09-29,Origin and destination coordinates aggregated to 0.1 degrees; only records with both valid coordinate pairs are included.
-27.3,152.8,-27.3,152.8,5,https://www.data.qld.gov.au/dataset/koala-hospital-data,2026-09-29,Origin and destination coordinates aggregated to 0.1 degrees; only records with both valid coordinate pairs are included.
-27.3,152.0,-27.3,152.0,5,https://www.data.qld.gov.au/dataset/koala-hospital-data,2026-09-29,Origin and destination coordinates aggregated to 0.1 degrees; only records with both valid coordinate pairs are included.
-25.3,152.9,-25.5,152.8,5,https://www.data.qld.gov.au/dataset/koala-hospital-data,2026-09-29,Origin and destination coordinates aggregated to 0.1 degrees; only records with both valid coordinate pairs are included.
-27.6,153.1,-27.5,153.0,5,https://www.data.qld.gov.au/dataset/koala-hospital-data,2026-09-29,Origin and destination coordinates aggregated to 0.1 degrees; only records with both valid coordinate pairs are included.
-26.4,153.0,-26.3,153.0,5,https://www.data.qld.gov.au/dataset/koala-hospital-data,2026-09-29,Origin and destination coordinates aggregated to 0.1 degrees; only records with both valid coordinate pairs are included.
-27.6,153.2,-27.6,153.3,4,https://www.data.qld.gov.au/dataset/koala-hospital-data,2026-09-29,Origin and destination coordinates aggregated to 0.1 degrees; only records with both valid coordinate pairs are included.
-27.6,153.1,-27.7,153.1,4,https://www.data.qld.gov.au/dataset/koala-hospital-data,2026-09-29,Origin and destination coordinates aggregated to 0.1 degrees; only records with both valid coordinate pairs are included.
-27.6,153.3,-27.5,153.2,4,https://www.data.qld.gov.au/dataset/koala-hospital-data,2026-09-29,Origin and destination coordinates aggregated to 0.1 degrees; only records with both valid coordinate pairs are included.
-27.2,152.9,-27.1,152.9,4,https://www.data.qld.gov.au/dataset/koala-hospital-data,2026-09-29,Origin and destination coordinates aggregated to 0.1 degrees; only records with both valid coordinate pairs are included.
-27.4,153.5,-27.4,153.5,4,https://www.data.qld.gov.au/dataset/koala-hospital-data,2026-09-29,Origin and destination coordinates aggregated to 0.1 degrees; only records with both valid coordinate pairs are included.
-27.7,153.2,-27.7,153.1,4,https://www.data.qld.gov.au/dataset/koala-hospital-data,2026-09-29,Origin and destination coordinates aggregated to 0.1 degrees; only records with both valid coordinate pairs are included.
-28.2,153.3,-28.2,153.3,4,https://www.data.qld.gov.au/dataset/koala-hospital-data,2026-09-29,Origin and destination coordinates aggregated to 0.1 degrees; only records with both valid coordinate pairs are included.
-26.8,152.9,-26.8,152.9,4,https://www.data.qld.gov.au/dataset/koala-hospital-data,2026-09-29,Origin and destination coordinates aggregated to 0.1 degrees; only records with both valid coordinate pairs are included.
-27.8,153.3,-27.8,153.4,4,https://www.data.qld.gov.au/dataset/koala-hospital-data,2026-09-29,Origin and destination coordinates aggregated to 0.1 degrees; only records with both valid coordinate pairs are included.
-27.8,153.3,-27.9,153.2,4,https://www.data.qld.gov.au/dataset/koala-hospital-data,2026-09-29,Origin and destination coordinates aggregated to 0.1 degrees; only records with both valid coordinate pairs are included.
-27.5,152.6,-27.5,152.5,4,https://www.data.qld.gov.au/dataset/koala-hospital-data,2026-09-29,Origin and destination coordinates aggregated to 0.1 degrees; only records with both valid coordinate pairs are included.
-27.5,152.1,-27.5,152.1,4,https://www.data.qld.gov.au/dataset/koala-hospital-data,2026-09-29,Origin and destination coordinates aggregated to 0.1 degrees; only records with both valid coordinate pairs are included.
-27.7,152.7,-27.7,152.8,4,https://www.data.qld.gov.au/dataset/koala-hospital-data,2026-09-29,Origin and destination coordinates aggregated to 0.1 degrees; only records with both valid coordinate pairs are included.
-25.6,152.6,-25.6,152.6,4,https://www.data.qld.gov.au/dataset/koala-hospital-data,2026-09-29,Origin and destination coordinates aggregated to 0.1 degrees; only records with both valid coordinate pairs are included.
-27.4,151.8,-27.4,151.8,4,https://www.data.qld.gov.au/dataset/koala-hospital-data,2026-09-29,Origin and destination coordinates aggregated to 0.1 degrees; only records with both valid coordinate pairs are included.
-28.1,152.6,-28.1,152.6,4,https://www.data.qld.gov.au/dataset/koala-hospital-data,2026-09-29,Origin and destination coordinates aggregated to 0.1 degrees; only records with both valid coordinate pairs are included.
-27.6,153.0,-27.5,153.1,4,https://www.data.qld.gov.au/dataset/koala-hospital-data,2026-09-29,Origin and destination coordinates aggregated to 0.1 degrees; only records with both valid coordinate pairs are included.
-27.2,152.5,-27.2,152.5,4,https://www.data.qld.gov.au/dataset/koala-hospital-data,2026-09-29,Origin and destination coordinates aggregated to 0.1 degrees; only records with both valid coordinate pairs are included.
-27.7,151.5,-27.7,151.5,4,https://www.data.qld.gov.au/dataset/koala-hospital-data,2026-09-29,Origin and destination coordinates aggregated to 0.1 degrees; only records with both valid coordinate pairs are included.
-26.3,152.0,-26.3,152.0,4,https://www.data.qld.gov.au/dataset/koala-hospital-data,2026-09-29,Origin and destination coordinates aggregated to 0.1 degrees; only records with both valid coordinate pairs are included.
-26.2,152.6,-26.2,152.6,4,https://www.data.qld.gov.au/dataset/koala-hospital-data,2026-09-29,Origin and destination coordinates aggregated to 0.1 degrees; only records with both valid coordinate pairs are included.
-26.4,152.7,-26.4,152.6,4,https://www.data.qld.gov.au/dataset/koala-hospital-data,2026-09-29,Origin and destination coordinates aggregated to 0.1 degrees; only records with both valid coordinate pairs are included.
-27.3,153.0,-27.0,153.1,4,https://www.data.qld.gov.au/dataset/koala-hospital-data,2026-09-29,Origin and destination coordinates aggregated to 0.1 degrees; only records with both valid coordinate pairs are included.
-27.2,153.1,-27.7,152.5,4,https://www.data.qld.gov.au/dataset/koala-hospital-data,2026-09-29,Origin and destination coordinates aggregated to 0.1 degrees; only records with both valid coordinate pairs are included.
-27.9,153.0,-27.9,153.0,4,https://www.data.qld.gov.au/dataset/koala-hospital-data,2026-09-29,Origin and destination coordinates aggregated to 0.1 degrees; only records with both valid coordinate pairs are included.
-28.2,153.2,-28.2,153.2,3,https://www.data.qld.gov.au/dataset/koala-hospital-data,2026-09-29,Origin and destination coordinates aggregated to 0.1 degrees; only records with both valid coordinate pairs are included.
-27.6,153.3,-27.3,153.3,3,https://www.data.qld.gov.au/dataset/koala-hospital-data,2026-09-29,Origin and destination coordinates aggregated to 0.1 degrees; only records with both valid coordinate pairs are included.
-27.6,153.1,-27.5,153.2,3,https://www.data.qld.gov.au/dataset/koala-hospital-data,2026-09-29,Origin and destination coordinates aggregated to 0.1 degrees; only records with both valid coordinate pairs are included.
-27.6,153.2,-27.7,153.2,3,https://www.data.qld.gov.au/dataset/koala-hospital-data,2026-09-29,Origin and destination coordinates aggregated to 0.1 degrees; only records with both valid coordinate pairs are included.
-27.7,152.7,-27.6,152.7,3,https://www.data.qld.gov.au/dataset/koala-hospital-data,2026-09-29,Origin and destination coordinates aggregated to 0.1 degrees; only records with both valid coordinate pairs are included.
-27.7,153.1,-27.6,153.1,3,https://www.data.qld.gov.au/dataset/koala-hospital-data,2026-09-29,Origin and destination coordinates aggregated to 0.1 degrees; only records with both valid coordinate pairs are included.
-27.1,152.9,-27.1,153.0,3,https://www.data.qld.gov.au/dataset/koala-hospital-data,2026-09-29,Origin and destination coordinates aggregated to 0.1 degrees; only records with both valid coordinate pairs are included.
-27.1,153.1,-27.1,153.1,3,https://www.data.qld.gov.au/dataset/koala-hospital-data,2026-09-29,Origin and destination coordinates aggregated to 0.1 degrees; only records with both valid coordinate pairs are included.
-27.7,152.9,-27.7,152.8,3,https://www.data.qld.gov.au/dataset/koala-hospital-data,2026-09-29,Origin and destination coordinates aggregated to 0.1 degrees; only records with both valid coordinate pairs are included.
-27.6,152.6,-27.7,152.5,3,https://www.data.qld.gov.au/dataset/koala-hospital-data,2026-09-29,Origin and destination coordinates aggregated to 0.1 degrees; only records with both valid coordinate pairs are included.
-27.9,153.4,-28.0,153.3,3,https://www.data.qld.gov.au/dataset/koala-hospital-data,2026-09-29,Origin and destination coordinates aggregated to 0.1 degrees; only records with both valid coordinate pairs are included.
-26.7,152.9,-26.7,152.9,3,https://www.data.qld.gov.au/dataset/koala-hospital-data,2026-09-29,Origin and destination coordinates aggregated to 0.1 degrees; only records with both valid coordinate pairs are included.
-27.2,152.0,-27.2,152.0,3,https://www.data.qld.gov.au/dataset/koala-hospital-data,2026-09-29,Origin and destination coordinates aggregated to 0.1 degrees; only records with both valid coordinate pairs are included.
-27.1,153.0,-27.2,152.9,3,https://www.data.qld.gov.au/dataset/koala-hospital-data,2026-09-29,Origin and destination coordinates aggregated to 0.1 degrees; only records with both valid coordinate pairs are included.
-27.4,152.5,-27.4,152.4,3,https://www.data.qld.gov.au/dataset/koala-hospital-data,2026-09-29,Origin and destination coordinates aggregated to 0.1 degrees; only records with both valid coordinate pairs are included.
-27.9,152.7,-27.8,152.8,3,https://www.data.qld.gov.au/dataset/koala-hospital-data,2026-09-29,Origin and destination coordinates aggregated to 0.1 degrees; only records with both valid coordinate pairs are included.
-26.7,153.1,-26.7,153.1,3,https://www.data.qld.gov.au/dataset/koala-hospital-data,2026-09-29,Origin and destination coordinates aggregated to 0.1 degrees; only records with both valid coordinate pairs are included.
-26.4,151.8,-26.4,151.8,3,https://www.data.qld.gov.au/dataset/koala-hospital-data,2026-09-29,Origin and destination coordinates aggregated to 0.1 degrees; only records with both valid coordinate pairs are included.
-27.2,152.6,-27.2,152.6,3,https://www.data.qld.gov.au/dataset/koala-hospital-data,2026-09-29,Origin and destination coordinates aggregated to 0.1 degrees; only records with both valid coordinate pairs are included.
-27.1,152.3,-27.1,152.4,3,https://www.data.qld.gov.au/dataset/koala-hospital-data,2026-09-29,Origin and destination coordinates aggregated to 0.1 degrees; only records with both valid coordinate pairs are included.
-26.6,152.0,-26.6,152.0,3,https://www.data.qld.gov.au/dataset/koala-hospital-data,2026-09-29,Origin and destination coordinates aggregated to 0.1 degrees; only records with both valid coordinate pairs are included.
-27.7,151.6,-27.7,151.6,3,https://www.data.qld.gov.au/dataset/koala-hospital-data,2026-09-29,Origin and destination coordinates aggregated to 0.1 degrees; only records with both valid coordinate pairs are included.
-25.6,151.6,-25.6,151.6,3,https://www.data.qld.gov.au/dataset/koala-hospital-data,2026-09-29,Origin and destination coordinates aggregated to 0.1 degrees; only records with both valid coordinate pairs are included.
-26.3,151.9,-26.3,151.9,3,https://www.data.qld.gov.au/dataset/koala-hospital-data,2026-09-29,Origin and destination coordinates aggregated to 0.1 degrees; only records with both valid coordinate pairs are included.
-27.7,152.4,-27.7,152.4,3,https://www.data.qld.gov.au/dataset/koala-hospital-data,2026-09-29,Origin and destination coordinates aggregated to 0.1 degrees; only records with both valid coordinate pairs are included.
-26.3,152.9,-26.3,152.9,3,https://www.data.qld.gov.au/dataset/koala-hospital-data,2026-09-29,Origin and destination coordinates aggregated to 0.1 degrees; only records with both valid coordinate pairs are included.
-27.0,152.8,-27.0,152.8,3,https://www.data.qld.gov.au/dataset/koala-hospital-data,2026-09-29,Origin and destination coordinates aggregated to 0.1 degrees; only records with both valid coordinate pairs are included.
-27.8,153.3,-27.9,153.3,3,https://www.data.qld.gov.au/dataset/koala-hospital-data,2026-09-29,Origin and destination coordinates aggregated to 0.1 degrees; only records with both valid coordinate pairs are included.
-27.2,152.7,-27.1,152.6,3,https://www.data.qld.gov.au/dataset/koala-hospital-data,2026-09-29,Origin and destination coordinates aggregated to 0.1 degrees; only records with both valid coordinate pairs are included.
-27.3,152.0,-27.3,152.1,3,https://www.data.qld.gov.au/dataset/koala-hospital-data,2026-09-29,Origin and destination coordinates aggregated to 0.1 degrees; only records with both valid coordinate pairs are included.
-26.2,152.7,-26.2,152.6,3,https://www.data.qld.gov.au/dataset/koala-hospital-data,2026-09-29,Origin and destination coordinates aggregated to 0.1 degrees; only records with both valid coordinate pairs are included.
-25.4,152.9,-25.5,152.8,3,https://www.data.qld.gov.au/dataset/koala-hospital-data,2026-09-29,Origin and destination coordinates aggregated to 0.1 degrees; only records with both valid coordinate pairs are included.
-26.4,153.0,-26.4,152.9,3,https://www.data.qld.gov.au/dataset/koala-hospital-data,2026-09-29,Origin and destination coordinates aggregated to 0.1 degrees; only records with both valid coordinate pairs are included.
-27.4,153.5,-27.6,153.2,3,https://www.data.qld.gov.au/dataset/koala-hospital-data,2026-09-29,Origin and destination coordinates aggregated to 0.1 degrees; only records with both valid coordinate pairs are included.
-27.9,152.6,-27.9,152.6,3,https://www.data.qld.gov.au/dataset/koala-hospital-data,2026-09-29,Origin and destination coordinates aggregated to 0.1 degrees; only records with both valid coordinate pairs are included.
-27.5,153.4,-27.6,153.2,3,https://www.data.qld.gov.au/dataset/koala-hospital-data,2026-09-29,Origin and destination coordinates aggregated to 0.1 degrees; only records with both valid coordinate pairs are included.
-27.4,153.4,-27.6,153.3,3,https://www.data.qld.gov.au/dataset/koala-hospital-data,2026-09-29,Origin and destination coordinates aggregated to 0.1 degrees; only records with both valid coordinate pairs are included.
-26.1,152.7,-26.1,152.7,3,https://www.data.qld.gov.au/dataset/koala-hospital-data,2026-09-29,Origin and destination coordinates aggregated to 0.1 degrees; only records with both valid coordinate pairs are included.
-26.4,152.6,-26.4,152.6,3,https://www.data.qld.gov.au/dataset/koala-hospital-data,2026-09-29,Origin and destination coordinates aggregated to 0.1 degrees; only records with both valid coordinate pairs are included.
-27.9,153.1,-27.8,153.1,3,https://www.data.qld.gov.au/dataset/koala-hospital-data,2026-09-29,Origin and destination coordinates aggregated to 0.1 degrees; only records with both valid coordinate pairs are included.
-27.9,153.4,-28.0,153.4,3,https://www.data.qld.gov.au/dataset/koala-hospital-data,2026-09-29,Origin and destination coordinates aggregated to 0.1 degrees; only records with both valid coordinate pairs are included.
-26.0,152.8,-26.0,152.8,3,https://www.data.qld.gov.au/dataset/koala-hospital-data,2026-09-29,Origin and destination coordinates aggregated to 0.1 degrees; only records with both valid coordinate pairs are included.
-26.5,152.7,-26.5,152.7,3,https://www.data.qld.gov.au/dataset/koala-hospital-data,2026-09-29,Origin and destination coordinates aggregated to 0.1 degrees; only records with both valid coordinate pairs are included.
-26.3,152.8,-26.3,152.8,3,https://www.data.qld.gov.au/dataset/koala-hospital-data,2026-09-29,Origin and destination coordinates aggregated to 0.1 degrees; only records with both valid coordinate pairs are included.
-28.2,152.0,-28.2,152.0,3,https://www.data.qld.gov.au/dataset/koala-hospital-data,2026-09-29,Origin and destination coordinates aggregated to 0.1 degrees; only records with both valid coordinate pairs are included.
-26.2,152.5,-26.2,152.5,3,https://www.data.qld.gov.au/dataset/koala-hospital-data,2026-09-29,Origin and destination coordinates aggregated to 0.1 degrees; only records with both valid coordinate pairs are included.
-26.5,152.7,-26.4,152.7,3,https://www.data.qld.gov.au/dataset/koala-hospital-data,2026-09-29,Origin and destination coordinates aggregated to 0.1 degrees; only records with both valid coordinate pairs are included.
-27.1,152.9,-27.1,153.9,2,https://www.data.qld.gov.au/dataset/koala-hospital-data,2026-09-29,Origin and destination coordinates aggregated to 0.1 degrees; only records with both valid coordinate pairs are included.
-27.6,153.2,-27.5,148.5,2,https://www.data.qld.gov.au/dataset/koala-hospital-data,2026-09-29,Origin and destination coordinates aggregated to 0.1 degrees; only records with both valid coordinate pairs are included.
-27.6,152.6,-27.6,152.7,2,https://www.data.qld.gov.au/dataset/koala-hospital-data,2026-09-29,Origin and destination coordinates aggregated to 0.1 degrees; only records with both valid coordinate pairs are included.
-27.4,152.5,-27.4,152.6,2,https://www.data.qld.gov.au/dataset/koala-hospital-data,2026-09-29,Origin and destination coordinates aggregated to 0.1 degrees; only records with both valid coordinate pairs are included.
-27.6,152.7,-27.7,152.6,2,https://www.data.qld.gov.au/dataset/koala-hospital-data,2026-09-29,Origin and destination coordinates aggregated to 0.1 degrees; only records with both valid coordinate pairs are included.
-27.6,152.7,-27.7,152.7,2,https://www.data.qld.gov.au/dataset/koala-hospital-data,2026-09-29,Origin and destination coordinates aggregated to 0.1 degrees; only records with both valid coordinate pairs are included.
-27.4,152.9,-27.3,152.9,2,https://www.data.qld.gov.au/dataset/koala-hospital-data,2026-09-29,Origin and destination coordinates aggregated to 0.1 degrees; only records with both valid coordinate pairs are included.
-27.8,152.7,-27.7,152.7,2,https://www.data.qld.gov.au/dataset/koala-hospital-data,2026-09-29,Origin and destination coordinates aggregated to 0.1 degrees; only records with both valid coordinate pairs are included.
-27.6,153.2,-27.5,153.3,2,https://www.data.qld.gov.au/dataset/koala-hospital-data,2026-09-29,Origin and destination coordinates aggregated to 0.1 degrees; only records with both valid coordinate pairs are included.
-27.6,152.8,-27.7,152.8,2,https://www.data.qld.gov.au/dataset/koala-hospital-data,2026-09-29,Origin and destination coordinates aggregated to 0.1 degrees; only records with both valid coordinate pairs are included.
-27.4,152.4,-27.4,152.5,2,https://www.data.qld.gov.au/dataset/koala-hospital-data,2026-09-29,Origin and destination coordinates aggregated to 0.1 degrees; only records with both valid coordinate pairs are included.
-27.5,153.3,-29.3,153.3,2,https://www.data.qld.gov.au/dataset/koala-hospital-data,2026-09-29,Origin and destination coordinates aggregated to 0.1 degrees; only records with both valid coordinate pairs are included.
-27.4,153.2,-27.4,153.1,2,https://www.data.qld.gov.au/dataset/koala-hospital-data,2026-09-29,Origin and destination coordinates aggregated to 0.1 degrees; only records with both valid coordinate pairs are included.
-27.3,153.0,-27.5,152.7,2,https://www.data.qld.gov.au/dataset/koala-hospital-data,2026-09-29,Origin and destination coordinates aggregated to 0.1 degrees; only records with both valid coordinate pairs are included.
-27.2,152.9,-27.3,153.0,2,https://www.data.qld.gov.au/dataset/koala-hospital-data,2026-09-29,Origin and destination coordinates aggregated to 0.1 degrees; only records with both valid coordinate pairs are included.
-28.2,153.1,-28.2,153.1,2,https://www.data.qld.gov.au/dataset/koala-hospital-data,2026-09-29,Origin and destination coordinates aggregated to 0.1 degrees; only records with both valid coordinate pairs are included.
-27.6,152.9,-27.5,152.9,2,https://www.data.qld.gov.au/dataset/koala-hospital-data,2026-09-29,Origin and destination coordinates aggregated to 0.1 degrees; only records with both valid coordinate pairs are included.
-28.0,153.0,-28.0,153.0,2,https://www.data.qld.gov.au/dataset/koala-hospital-data,2026-09-29,Origin and destination coordinates aggregated to 0.1 degrees; only records with both valid coordinate pairs are included.
-27.6,152.7,-27.6,152.8,2,https://www.data.qld.gov.au/dataset/koala-hospital-data,2026-09-29,Origin and destination coordinates aggregated to 0.1 degrees; only records with both valid coordinate pairs are included.
-27.3,152.9,-27.2,152.8,2,https://www.data.qld.gov.au/dataset/koala-hospital-data,2026-09-29,Origin and destination coordinates aggregated to 0.1 degrees; only records with both valid coordinate pairs are included.
-28.0,153.2,-28.0,153.3,2,https://www.data.qld.gov.au/dataset/koala-hospital-data,2026-09-29,Origin and destination coordinates aggregated to 0.1 degrees; only records with both valid coordinate pairs are included.
-27.3,149.8,-27.3,149.8,2,https://www.data.qld.gov.au/dataset/koala-hospital-data,2026-09-29,Origin and destination coordinates aggregated to 0.1 degrees; only records with both valid coordinate pairs are included.
-27.6,153.0,-27.6,153.0,2,https://www.data.qld.gov.au/dataset/koala-hospital-data,2026-09-29,Origin and destination coordinates aggregated to 0.1 degrees; only records with both valid coordinate pairs are included.
-27.3,153.1,-27.2,153.0,2,https://www.data.qld.gov.au/dataset/koala-hospital-data,2026-09-29,Origin and destination coordinates aggregated to 0.1 degrees; only records with both valid coordinate pairs are included.
-27.4,153.0,-27.3,152.9,2,https://www.data.qld.gov.au/dataset/koala-hospital-data,2026-09-29,Origin and destination coordinates aggregated to 0.1 degrees; only records with both valid coordinate pairs are included.
-27.5,152.8,-27.5,152.8,2,https://www.data.qld.gov.au/dataset/koala-hospital-data,2026-09-29,Origin and destination coordinates aggregated to 0.1 degrees; only records with both valid coordinate pairs are included.
-27.0,152.9,-27.0,152.9,2,https://www.data.qld.gov.au/dataset/koala-hospital-data,2026-09-29,Origin and destination coordinates aggregated to 0.1 degrees; only records with both valid coordinate pairs are included.
-27.2,151.3,-27.2,151.3,2,https://www.data.qld.gov.au/dataset/koala-hospital-data,2026-09-29,Origin and destination coordinates aggregated to 0.1 degrees; only records with both valid coordinate pairs are included.
-28.1,153.4,-23.1,153.4,2,https://www.data.qld.gov.au/dataset/koala-hospital-data,2026-09-29,Origin and destination coordinates aggregated to 0.1 degrees; only records with both valid coordinate pairs are included.
-26.4,151.6,-26.4,151.6,2,https://www.data.qld.gov.au/dataset/koala-hospital-data,2026-09-29,Origin and destination coordinates aggregated to 0.1 degrees; only records with both valid coordinate pairs are included.
-25.4,152.9,-25.3,152.9,2,https://www.data.qld.gov.au/dataset/koala-hospital-data,2026-09-29,Origin and destination coordinates aggregated to 0.1 degrees; only records with both valid coordinate pairs are included.
-27.8,153.3,-27.8,153.2,2,https://www.data.qld.gov.au/dataset/koala-hospital-data,2026-09-29,Origin and destination coordinates aggregated to 0.1 degrees; only records with both valid coordinate pairs are included.
-26.7,153.0,-26.7,153.1,2,https://www.data.qld.gov.au/dataset/koala-hospital-data,2026-09-29,Origin and destination coordinates aggregated to 0.1 degrees; only records with both valid coordinate pairs are included.
-28.1,152.8,-28.1,152.8,2,https://www.data.qld.gov.au/dataset/koala-hospital-data,2026-09-29,Origin and destination coordinates aggregated to 0.1 degrees; only records with both valid coordinate pairs are included.
-27.4,152.2,-27.4,152.2,2,https://www.data.qld.gov.au/dataset/koala-hospital-data,2026-09-29,Origin and destination coordinates aggregated to 0.1 degrees; only records with both valid coordinate pairs are included.
-28.1,152.6,-28.2,152.5,2,https://www.data.qld.gov.au/dataset/koala-hospital-data,2026-09-29,Origin and destination coordinates aggregated to 0.1 degrees; only records with both valid coordinate pairs are included.
-27.7,153.2,-27.7,152.2,2,https://www.data.qld.gov.au/dataset/koala-hospital-data,2026-09-29,Origin and destination coordinates aggregated to 0.1 degrees; only records with both valid coordinate pairs are included.
-27.3,152.3,-27.3,153.0,2,https://www.data.qld.gov.au/dataset/koala-hospital-data,2026-09-29,Origin and destination coordinates aggregated to 0.1 degrees; only records with both valid coordinate pairs are included.
-27.6,152.6,-27.7,152.6,2,https://www.data.qld.gov.au/dataset/koala-hospital-data,2026-09-29,Origin and destination coordinates aggregated to 0.1 degrees; only records with both valid coordinate pairs are included.
-27.9,153.1,-27.9,153.0,2,https://www.data.qld.gov.au/dataset/koala-hospital-data,2026-09-29,Origin and destination coordinates aggregated to 0.1 degrees; only records with both valid coordinate pairs are included.
-27.1,152.9,-27.0,152.9,2,https://www.data.qld.gov.au/dataset/koala-hospital-data,2026-09-29,Origin and destination coordinates aggregated to 0.1 degrees; only records with both valid coordinate pairs are included.
-27.6,151.7,-27.6,151.7,2,https://www.data.qld.gov.au/dataset/koala-hospital-data,2026-09-29,Origin and destination coordinates aggregated to 0.1 degrees; only records with both valid coordinate pairs are included.
-25.5,152.8,-25.5,152.8,2,https://www.data.qld.gov.au/dataset/koala-hospital-data,2026-09-29,Origin and destination coordinates aggregated to 0.1 degrees; only records with both valid coordinate pairs are included.
-28.1,152.4,-28.1,152.4,2,https://www.data.qld.gov.au/dataset/koala-hospital-data,2026-09-29,Origin and destination coordinates aggregated to 0.1 degrees; only records with both valid coordinate pairs are included.
-26.1,152.2,-26.1,152.2,2,https://www.data.qld.gov.au/dataset/koala-hospital-data,2026-09-29,Origin and destination coordinates aggregated to 0.1 degrees; only records with both valid coordinate pairs are included.
-27.6,152.9,-27.8,152.8,2,https://www.data.qld.gov.au/dataset/koala-hospital-data,2026-09-29,Origin and destination coordinates aggregated to 0.1 degrees; only records with both valid coordinate pairs are included.
-27.6,151.6,-27.6,151.6,2,https://www.data.qld.gov.au/dataset/koala-hospital-data,2026-09-29,Origin and destination coordinates aggregated to 0.1 degrees; only records with both valid coordinate pairs are included.
-27.2,152.1,-27.2,152.1,2,https://www.data.qld.gov.au/dataset/koala-hospital-data,2026-09-29,Origin and destination coordinates aggregated to 0.1 degrees; only records with both valid coordinate pairs are included.
-27.4,152.0,-27.3,152.0,2,https://www.data.qld.gov.au/dataset/koala-hospital-data,2026-09-29,Origin and destination coordinates aggregated to 0.1 degrees; only records with both valid coordinate pairs are included.
-27.1,152.8,-27.1,152.8,2,https://www.data.qld.gov.au/dataset/koala-hospital-data,2026-09-29,Origin and destination coordinates aggregated to 0.1 degrees; only records with both valid coordinate pairs are included.
-27.6,153.3,-27.4,153.0,2,https://www.data.qld.gov.au/dataset/koala-hospital-data,2026-09-29,Origin and destination coordinates aggregated to 0.1 degrees; only records with both valid coordinate pairs are included.
-27.5,152.7,-27.5,152.7,2,https://www.data.qld.gov.au/dataset/koala-hospital-data,2026-09-29,Origin and destination coordinates aggregated to 0.1 degrees; only records with both valid coordinate pairs are included.
-26.7,153.1,-26.7,153.0,2,https://www.data.qld.gov.au/dataset/koala-hospital-data,2026-09-29,Origin and destination coordinates aggregated to 0.1 degrees; only records with both valid coordinate pairs are included.
-27.0,152.4,-27.1,152.4,2,https://www.data.qld.gov.au/dataset/koala-hospital-data,2026-09-29,Origin and destination coordinates aggregated to 0.1 degrees; only records with both valid coordinate pairs are included.
-28.3,152.8,-28.3,152.8,2,https://www.data.qld.gov.au/dataset/koala-hospital-data,2026-09-29,Origin and destination coordinates aggregated to 0.1 degrees; only records with both valid coordinate pairs are included.
-27.6,152.4,-27.6,152.3,2,https://www.data.qld.gov.au/dataset/koala-hospital-data,2026-09-29,Origin and destination coordinates aggregated to 0.1 degrees; only records with both valid coordinate pairs are included.
-27.3,152.9,-27.3,152.8,2,https://www.data.qld.gov.au/dataset/koala-hospital-data,2026-09-29,Origin and destination coordinates aggregated to 0.1 degrees; only records with both valid coordinate pairs are included.
-27.2,152.4,-27.2,152.5,2,https://www.data.qld.gov.au/dataset/koala-hospital-data,2026-09-29,Origin and destination coordinates aggregated to 0.1 degrees; only records with both valid coordinate pairs are included.
-27.3,152.0,-27.4,152.0,2,https://www.data.qld.gov.au/dataset/koala-hospital-data,2026-09-29,Origin and destination coordinates aggregated to 0.1 degrees; only records with both valid coordinate pairs are included.
-26.9,152.1,-26.9,152.1,2,https://www.data.qld.gov.au/dataset/koala-hospital-data,2026-09-29,Origin and destination coordinates aggregated to 0.1 degrees; only records with both valid coordinate pairs are included.
-27.6,152.1,-27.6,152.1,2,https://www.data.qld.gov.au/dataset/koala-hospital-data,2026-09-29,Origin and destination coordinates aggregated to 0.1 degrees; only records with both valid coordinate pairs are included.
-27.4,152.6,-27.3,152.6,2,https://www.data.qld.gov.au/dataset/koala-hospital-data,2026-09-29,Origin and destination coordinates aggregated to 0.1 degrees; only records with both valid coordinate pairs are included.
-27.9,153.2,-28.0,153.2,2,https://www.data.qld.gov.au/dataset/koala-hospital-data,2026-09-29,Origin and destination coordinates aggregated to 0.1 degrees; only records with both valid coordinate pairs are included.
-28.0,152.7,-28.1,152.7,2,https://www.data.qld.gov.au/dataset/koala-hospital-data,2026-09-29,Origin and destination coordinates aggregated to 0.1 degrees; only records with both valid coordinate pairs are included.
-27.4,152.4,-27.5,152.4,2,https://www.data.qld.gov.au/dataset/koala-hospital-data,2026-09-29,Origin and destination coordinates aggregated to 0.1 degrees; only records with both valid coordinate pairs are included.
-27.6,152.0,-27.6,151.9,2,https://www.data.qld.gov.au/dataset/koala-hospital-data,2026-09-29,Origin and destination coordinates aggregated to 0.1 degrees; only records with both valid coordinate pairs are included.
-28.3,152.3,-28.3,152.3,2,https://www.data.qld.gov.au/dataset/koala-hospital-data,2026-09-29,Origin and destination coordinates aggregated to 0.1 degrees; only records with both valid coordinate pairs are included.
-27.1,152.4,-27.1,152.3,2,https://www.data.qld.gov.au/dataset/koala-hospital-data,2026-09-29,Origin and destination coordinates aggregated to 0.1 degrees; only records with both valid coordinate pairs are included.
-26.7,153.0,-26.7,152.9,2,https://www.data.qld.gov.au/dataset/koala-hospital-data,2026-09-29,Origin and destination coordinates aggregated to 0.1 degrees; only records with both valid coordinate pairs are included.
-26.1,152.3,-26.1,152.3,2,https://www.data.qld.gov.au/dataset/koala-hospital-data,2026-09-29,Origin and destination coordinates aggregated to 0.1 degrees; only records with both valid coordinate pairs are included.
-27.3,153.0,-27.3,152.0,2,https://www.data.qld.gov.au/dataset/koala-hospital-data,2026-09-29,Origin and destination coordinates aggregated to 0.1 degrees; only records with both valid coordinate pairs are included.
-27.8,153.1,-27.8,153.2,2,https://www.data.qld.gov.au/dataset/koala-hospital-data,2026-09-29,Origin and destination coordinates aggregated to 0.1 degrees; only records with both valid coordinate pairs are included.
-27.5,153.0,-27.6,153.1,2,https://www.data.qld.gov.au/dataset/koala-hospital-data,2026-09-29,Origin and destination coordinates aggregated to 0.1 degrees; only records with both valid coordinate pairs are included.
-27.2,152.3,-27.2,152.3,2,https://www.data.qld.gov.au/dataset/koala-hospital-data,2026-09-29,Origin and destination coordinates aggregated to 0.1 degrees; only records with both valid coordinate pairs are included.
-28.1,152.2,-28.1,152.2,2,https://www.data.qld.gov.au/dataset/koala-hospital-data,2026-09-29,Origin and destination coordinates aggregated to 0.1 degrees; only records with both valid coordinate pairs are included.
-27.6,151.9,-27.6,152.0,2,https://www.data.qld.gov.au/dataset/koala-hospital-data,2026-09-29,Origin and destination coordinates aggregated to 0.1 degrees; only records with both valid coordinate pairs are included.
-26.6,153.0,-26.6,152.9,2,https://www.data.qld.gov.au/dataset/koala-hospital-data,2026-09-29,Origin and destination coordinates aggregated to 0.1 degrees; only records with both valid coordinate pairs are included.
-27.7,153.1,-27.7,153.0,2,https://www.data.qld.gov.au/dataset/koala-hospital-data,2026-09-29,Origin and destination coordinates aggregated to 0.1 degrees; only records with both valid coordinate pairs are included.
-27.3,152.8,-27.3,152.9,2,https://www.data.qld.gov.au/dataset/koala-hospital-data,2026-09-29,Origin and destination coordinates aggregated to 0.1 degrees; only records with both valid coordinate pairs are included.
-27.8,153.1,-27.7,153.1,2,https://www.data.qld.gov.au/dataset/koala-hospital-data,2026-09-29,Origin and destination coordinates aggregated to 0.1 degrees; only records with both valid coordinate pairs are included.
-27.3,151.9,-27.3,151.9,2,https://www.data.qld.gov.au/dataset/koala-hospital-data,2026-09-29,Origin and destination coordinates aggregated to 0.1 degrees; only records with both valid coordinate pairs are included.
-27.4,153.4,-27.5,153.2,2,https://www.data.qld.gov.au/dataset/koala-hospital-data,2026-09-29,Origin and destination coordinates aggregated to 0.1 degrees; only records with both valid coordinate pairs are included.
-27.2,151.7,-27.2,151.7,2,https://www.data.qld.gov.au/dataset/koala-hospital-data,2026-09-29,Origin and destination coordinates aggregated to 0.1 degrees; only records with both valid coordinate pairs are included.
-26.9,152.3,-26.8,152.3,2,https://www.data.qld.gov.au/dataset/koala-hospital-data,2026-09-29,Origin and destination coordinates aggregated to 0.1 degrees; only records with both valid coordinate pairs are included.
-26.9,152.9,-26.9,152.9,2,https://www.data.qld.gov.au/dataset/koala-hospital-data,2026-09-29,Origin and destination coordinates aggregated to 0.1 degrees; only records with both valid coordinate pairs are included.
-26.2,152.0,-26.2,152.0,2,https://www.data.qld.gov.au/dataset/koala-hospital-data,2026-09-29,Origin and destination coordinates aggregated to 0.1 degrees; only records with both valid coordinate pairs are included.
-27.2,153.1,-27.3,152.9,2,https://www.data.qld.gov.au/dataset/koala-hospital-data,2026-09-29,Origin and destination coordinates aggregated to 0.1 degrees; only records with both valid coordinate pairs are included.
-27.5,151.8,-27.5,151.8,2,https://www.data.qld.gov.au/dataset/koala-hospital-data,2026-09-29,Origin and destination coordinates aggregated to 0.1 degrees; only records with both valid coordinate pairs are included.
-28.0,153.3,-28.1,153.3,2,https://www.data.qld.gov.au/dataset/koala-hospital-data,2026-09-29,Origin and destination coordinates aggregated to 0.1 degrees; only records with both valid coordinate pairs are included.
-26.8,152.5,-26.7,152.4,2,https://www.data.qld.gov.au/dataset/koala-hospital-data,2026-09-29,Origin and destination coordinates aggregated to 0.1 degrees; only records with both valid coordinate pairs are included.
-26.9,153.0,-26.9,152.9,2,https://www.data.qld.gov.au/dataset/koala-hospital-data,2026-09-29,Origin and destination coordinates aggregated to 0.1 degrees; only records with both valid coordinate pairs are included.
-26.5,152.6,-26.5,152.6,2,https://www.data.qld.gov.au/dataset/koala-hospital-data,2026-09-29,Origin and destination coordinates aggregated to 0.1 degrees; only records with both valid coordinate pairs are included.
-27.9,152.8,-27.9,152.8,2,https://www.data.qld.gov.au/dataset/koala-hospital-data,2026-09-29,Origin and destination coordinates aggregated to 0.1 degrees; only records with both valid coordinate pairs are included.
-26.6,152.1,-26.6,152.1,2,https://www.data.qld.gov.au/dataset/koala-hospital-data,2026-09-29,Origin and destination coordinates aggregated to 0.1 degrees; only records with both valid coordinate pairs are included.
-26.3,152.7,-26.4,152.7,2,https://www.data.qld.gov.au/dataset/koala-hospital-data,2026-09-29,Origin and destination coordinates aggregated to 0.1 degrees; only records with both valid coordinate pairs are included.
-27.2,152.6,-27.2,152.5,2,https://www.data.qld.gov.au/dataset/koala-hospital-data,2026-09-29,Origin and destination coordinates aggregated to 0.1 degrees; only records with both valid coordinate pairs are included.
-26.5,152.8,-26.5,152.8,2,https://www.data.qld.gov.au/dataset/koala-hospital-data,2026-09-29,Origin and destination coordinates aggregated to 0.1 degrees; only records with both valid coordinate pairs are included.
-27.9,153.3,-28.0,153.2,2,https://www.data.qld.gov.au/dataset/koala-hospital-data,2026-09-29,Origin and destination coordinates aggregated to 0.1 degrees; only records with both valid coordinate pairs are included.
-26.6,152.8,-26.6,152.8,2,https://www.data.qld.gov.au/dataset/koala-hospital-data,2026-09-29,Origin and destination coordinates aggregated to 0.1 degrees; only records with both valid coordinate pairs are included.
-27.2,152.6,-27.1,152.6,2,https://www.data.qld.gov.au/dataset/koala-hospital-data,2026-09-29,Origin and destination coordinates aggregated to 0.1 degrees; only records with both valid coordinate pairs are included.
-27.5,153.2,-27.5,153.7,1,https://www.data.qld.gov.au/dataset/koala-hospital-data,2026-09-29,Origin and destination coordinates aggregated to 0.1 degrees; only records with both valid coordinate pairs are included.
-27.6,152.5,-27.6,152.5,1,https://www.data.qld.gov.au/dataset/koala-hospital-data,2026-09-29,Origin and destination coordinates aggregated to 0.1 degrees; only records with both valid coordinate pairs are included.
-27.7,153.1,-27.8,153.1,1,https://www.data.qld.gov.au/dataset/koala-hospital-data,2026-09-29,Origin and destination coordinates aggregated to 0.1 degrees; only records with both valid coordinate pairs are included.
-27.1,152.9,-27.5,152.9,1,https://www.data.qld.gov.au/dataset/koala-hospital-data,2026-09-29,Origin and destination coordinates aggregated to 0.1 degrees; only records with both valid coordinate pairs are included.
-27.5,153.3,-27.5,152.2,1,https://www.data.qld.gov.au/dataset/koala-hospital-data,2026-09-29,Origin and destination coordinates aggregated to 0.1 degrees; only records with both valid coordinate pairs are included.
-27.6,153.3,-27.6,152.6,1,https://www.data.qld.gov.au/dataset/koala-hospital-data,2026-09-29,Origin and destination coordinates aggregated to 0.1 degrees; only records with both valid coordinate pairs are included.
-24.5,148.6,-24.5,148.6,1,https://www.data.qld.gov.au/dataset/koala-hospital-data,2026-09-29,Origin and destination coordinates aggregated to 0.1 degrees; only records with both valid coordinate pairs are included.
-27.5,153.3,-27.6,153.2,1,https://www.data.qld.gov.au/dataset/koala-hospital-data,2026-09-29,Origin and destination coordinates aggregated to 0.1 degrees; only records with both valid coordinate pairs are included.
-27.6,153.2,-27.3,153.2,1,https://www.data.qld.gov.au/dataset/koala-hospital-data,2026-09-29,Origin and destination coordinates aggregated to 0.1 degrees; only records with both valid coordinate pairs are included.
-27.5,153.2,-27.3,153.2,1,https://www.data.qld.gov.au/dataset/koala-hospital-data,2026-09-29,Origin and destination coordinates aggregated to 0.1 degrees; only records with both valid coordinate pairs are included.
-27.4,153.1,-27.3,152.9,1,https://www.data.qld.gov.au/dataset/koala-hospital-data,2026-09-29,Origin and destination coordinates aggregated to 0.1 degrees; only records with both valid coordinate pairs are included.
-27.7,153.0,-27.7,152.9,1,https://www.data.qld.gov.au/dataset/koala-hospital-data,2026-09-29,Origin and destination coordinates aggregated to 0.1 degrees; only records with both valid coordinate pairs are included.
-27.7,152.7,-27.6,153.0,1,https://www.data.qld.gov.au/dataset/koala-hospital-data,2026-09-29,Origin and destination coordinates aggregated to 0.1 degrees; only records with both valid coordinate pairs are included.
-27.5,153.3,-27.3,153.8,1,https://www.data.qld.gov.au/dataset/koala-hospital-data,2026-09-29,Origin and destination coordinates aggregated to 0.1 degrees; only records with both valid coordinate pairs are included.
-27.7,153.2,-27.3,153.2,1,https://www.data.qld.gov.au/dataset/koala-hospital-data,2026-09-29,Origin and destination coordinates aggregated to 0.1 degrees; only records with both valid coordinate pairs are included.
-27.6,152.7,-27.6,152.6,1,https://www.data.qld.gov.au/dataset/koala-hospital-data,2026-09-29,Origin and destination coordinates aggregated to 0.1 degrees; only records with both valid coordinate pairs are included.
-27.5,153.2,-27.7,153.2,1,https://www.data.qld.gov.au/dataset/koala-hospital-data,2026-09-29,Origin and destination coordinates aggregated to 0.1 degrees; only records with both valid coordinate pairs are included.
-27.6,153.1,-27.4,153.1,1,https://www.data.qld.gov.au/dataset/koala-hospital-data,2026-09-29,Origin and destination coordinates aggregated to 0.1 degrees; only records with both valid coordinate pairs are included.
-27.4,153.2,-27.4,153.2,1,https://www.data.qld.gov.au/dataset/koala-hospital-data,2026-09-29,Origin and destination coordinates aggregated to 0.1 degrees; only records with both valid coordinate pairs are included.
-27.6,153.3,-27.7,153.2,1,https://www.data.qld.gov.au/dataset/koala-hospital-data,2026-09-29,Origin and destination coordinates aggregated to 0.1 degrees; only records with both valid coordinate pairs are included.
-27.6,153.1,-27.3,153.1,1,https://www.data.qld.gov.au/dataset/koala-hospital-data,2026-09-29,Origin and destination coordinates aggregated to 0.1 degrees; only records with both valid coordinate pairs are included.
-27.6,153.2,-27.6,148.5,1,https://www.data.qld.gov.au/dataset/koala-hospital-data,2026-09-29,Origin and destination coordinates aggregated to 0.1 degrees; only records with both valid coordinate pairs are included.
-27.3,153.0,-27.6,152.9,1,https://www.data.qld.gov.au/dataset/koala-hospital-data,2026-09-29,Origin and destination coordinates aggregated to 0.1 degrees; only records with both valid coordinate pairs are included.
-27.8,153.2,-27.8,153.1,1,https://www.data.qld.gov.au/dataset/koala-hospital-data,2026-09-29,Origin and destination coordinates aggregated to 0.1 degrees; only records with both valid coordinate pairs are included.
-27.4,153.1,-27.4,153.1,1,https://www.data.qld.gov.au/dataset/koala-hospital-data,2026-09-29,Origin and destination coordinates aggregated to 0.1 degrees; only records with both valid coordinate pairs are included.
-27.8,152.7,-27.9,152.7,1,https://www.data.qld.gov.au/dataset/koala-hospital-data,2026-09-29,Origin and destination coordinates aggregated to 0.1 degrees; only records with both valid coordinate pairs are included.
-26.8,152.8,-26.7,152.9,1,https://www.data.qld.gov.au/dataset/koala-hospital-data,2026-09-29,Origin and destination coordinates aggregated to 0.1 degrees; only records with both valid coordinate pairs are included.
-27.7,152.4,-27.3,152.4,1,https://www.data.qld.gov.au/dataset/koala-hospital-data,2026-09-29,Origin and destination coordinates aggregated to 0.1 degrees; only records with both valid coordinate pairs are included.
-27.2,152.6,-27.6,152.9,1,https://www.data.qld.gov.au/dataset/koala-hospital-data,2026-09-29,Origin and destination coordinates aggregated to 0.1 degrees; only records with both valid coordinate pairs are included.
-27.5,153.3,-27.6,152.9,1,https://www.data.qld.gov.au/dataset/koala-hospital-data,2026-09-29,Origin and destination coordinates aggregated to 0.1 degrees; only records with both valid coordinate pairs are included.
-27.5,153.3,-27.5,148.5,1,https://www.data.qld.gov.au/dataset/koala-hospital-data,2026-09-29,Origin and destination coordinates aggregated to 0.1 degrees; only records with both valid coordinate pairs are included.
-27.3,152.9,-27.7,152.6,1,https://www.data.qld.gov.au/dataset/koala-hospital-data,2026-09-29,Origin and destination coordinates aggregated to 0.1 degrees; only records with both valid coordinate pairs are included.
-27.7,152.5,-27.7,152.6,1,https://www.data.qld.gov.au/dataset/koala-hospital-data,2026-09-29,Origin and destination coordinates aggregated to 0.1 degrees; only records with both valid coordinate pairs are included.
-27.5,153.3,-27.6,153.1,1,https://www.data.qld.gov.au/dataset/koala-hospital-data,2026-09-29,Origin and destination coordinates aggregated to 0.1 degrees; only records with both valid coordinate pairs are included.
-27.9,152.7,-27.7,152.6,1,https://www.data.qld.gov.au/dataset/koala-hospital-data,2026-09-29,Origin and destination coordinates aggregated to 0.1 degrees; only records with both valid coordinate pairs are included.
-27.3,152.5,-27.3,152.5,1,https://www.data.qld.gov.au/dataset/koala-hospital-data,2026-09-29,Origin and destination coordinates aggregated to 0.1 degrees; only records with both valid coordinate pairs are included.
-27.2,153.1,-27.2,152.1,1,https://www.data.qld.gov.au/dataset/koala-hospital-data,2026-09-29,Origin and destination coordinates aggregated to 0.1 degrees; only records with both valid coordinate pairs are included.
-27.5,153.2,-27.3,153.0,1,https://www.data.qld.gov.au/dataset/koala-hospital-data,2026-09-29,Origin and destination coordinates aggregated to 0.1 degrees; only records with both valid coordinate pairs are included.
-27.4,152.5,-27.7,152.5,1,https://www.data.qld.gov.au/dataset/koala-hospital-data,2026-09-29,Origin and destination coordinates aggregated to 0.1 degrees; only records with both valid coordinate pairs are included.
-27.6,153.1,-27.6,151.1,1,https://www.data.qld.gov.au/dataset/koala-hospital-data,2026-09-29,Origin and destination coordinates aggregated to 0.1 degrees; only records with both valid coordinate pairs are included.
-28.2,152.0,-28.2,151.9,1,https://www.data.qld.gov.au/dataset/koala-hospital-data,2026-09-29,Origin and destination coordinates aggregated to 0.1 degrees; only records with both valid coordinate pairs are included.
-28.0,152.6,-27.7,152.6,1,https://www.data.qld.gov.au/dataset/koala-hospital-data,2026-09-29,Origin and destination coordinates aggregated to 0.1 degrees; only records with both valid coordinate pairs are included.
-27.6,153.3,-27.5,153.1,1,https://www.data.qld.gov.au/dataset/koala-hospital-data,2026-09-29,Origin and destination coordinates aggregated to 0.1 degrees; only records with both valid coordinate pairs are included.
-27.4,152.1,-27.2,152.5,1,https://www.data.qld.gov.au/dataset/koala-hospital-data,2026-09-29,Origin and destination coordinates aggregated to 0.1 degrees; only records with both valid coordinate pairs are included.
-22.7,147.5,-22.7,147.6,1,https://www.data.qld.gov.au/dataset/koala-hospital-data,2026-09-29,Origin and destination coordinates aggregated to 0.1 degrees; only records with both valid coordinate pairs are included.
-27.5,152.6,-27.3,152.4,1,https://www.data.qld.gov.au/dataset/koala-hospital-data,2026-09-29,Origin and destination coordinates aggregated to 0.1 degrees; only records with both valid coordinate pairs are included.
-27.1,152.6,-27.1,152.5,1,https://www.data.qld.gov.au/dataset/koala-hospital-data,2026-09-29,Origin and destination coordinates aggregated to 0.1 degrees; only records with both valid coordinate pairs are included.
-27.6,152.8,-27.4,148.4,1,https://www.data.qld.gov.au/dataset/koala-hospital-data,2026-09-29,Origin and destination coordinates aggregated to 0.1 degrees; only records with both valid coordinate pairs are included.
-27.7,153.2,-27.6,148.5,1,https://www.data.qld.gov.au/dataset/koala-hospital-data,2026-09-29,Origin and destination coordinates aggregated to 0.1 degrees; only records with both valid coordinate pairs are included.
-27.3,153.0,-27.2,152.8,1,https://www.data.qld.gov.au/dataset/koala-hospital-data,2026-09-29,Origin and destination coordinates aggregated to 0.1 degrees; only records with both valid coordinate pairs are included.
-27.6,152.9,-27.7,152.5,1,https://www.data.qld.gov.au/dataset/koala-hospital-data,2026-09-29,Origin and destination coordinates aggregated to 0.1 degrees; only records with both valid coordinate pairs are included.
-27.4,153.1,-27.6,153.2,1,https://www.data.qld.gov.au/dataset/koala-hospital-data,2026-09-29,Origin and destination coordinates aggregated to 0.1 degrees; only records with both valid coordinate pairs are included.
-27.6,153.1,-27.6,153.4,1,https://www.data.qld.gov.au/dataset/koala-hospital-data,2026-09-29,Origin and destination coordinates aggregated to 0.1 degrees; only records with both valid coordinate pairs are included.
-27.3,153.0,-27.3,150.0,1,https://www.data.qld.gov.au/dataset/koala-hospital-data,2026-09-29,Origin and destination coordinates aggregated to 0.1 degrees; only records with both valid coordinate pairs are included.
-27.6,151.6,-27.7,151.6,1,https://www.data.qld.gov.au/dataset/koala-hospital-data,2026-09-29,Origin and destination coordinates aggregated to 0.1 degrees; only records with both valid coordinate pairs are included.
-27.3,149.9,-27.1,150.0,1,https://www.data.qld.gov.au/dataset/koala-hospital-data,2026-09-29,Origin and destination coordinates aggregated to 0.1 degrees; only records with both valid coordinate pairs are included.
-27.6,152.6,-27.7,152.7,1,https://www.data.qld.gov.au/dataset/koala-hospital-data,2026-09-29,Origin and destination coordinates aggregated to 0.1 degrees; only records with both valid coordinate pairs are included.
-27.4,153.0,-27.5,153.0,1,https://www.data.qld.gov.au/dataset/koala-hospital-data,2026-09-29,Origin and destination coordinates aggregated to 0.1 degrees; only records with both valid coordinate pairs are included.
-27.3,153.0,-27.4,153.0,1,https://www.data.qld.gov.au/dataset/koala-hospital-data,2026-09-29,Origin and destination coordinates aggregated to 0.1 degrees; only records with both valid coordinate pairs are included.
-27.5,153.2,-27.4,153.2,1,https://www.data.qld.gov.au/dataset/koala-hospital-data,2026-09-29,Origin and destination coordinates aggregated to 0.1 degrees; only records with both valid coordinate pairs are included.
-27.5,153.3,-36.5,153.3,1,https://www.data.qld.gov.au/dataset/koala-hospital-data,2026-09-29,Origin and destination coordinates aggregated to 0.1 degrees; only records with both valid coordinate pairs are included.
-28.2,151.9,-28.2,151.9,1,https://www.data.qld.gov.au/dataset/koala-hospital-data,2026-09-29,Origin and destination coordinates aggregated to 0.1 degrees; only records with both valid coordinate pairs are included.
-27.6,153.3,-27.3,153.0,1,https://www.data.qld.gov.au/dataset/koala-hospital-data,2026-09-29,Origin and destination coordinates aggregated to 0.1 degrees; only records with both valid coordinate pairs are included.
-27.8,153.0,-27.5,153.3,1,https://www.data.qld.gov.au/dataset/koala-hospital-data,2026-09-29,Origin and destination coordinates aggregated to 0.1 degrees; only records with both valid coordinate pairs are included.
-27.5,153.2,-36.5,153.2,1,https://www.data.qld.gov.au/dataset/koala-hospital-data,2026-09-29,Origin and destination coordinates aggregated to 0.1 degrees; only records with both valid coordinate pairs are included.
-27.3,153.0,-27.5,153.2,1,https://www.data.qld.gov.au/dataset/koala-hospital-data,2026-09-29,Origin and destination coordinates aggregated to 0.1 degrees; only records with both valid coordinate pairs are included.
-27.3,153.0,-27.2,148.5,1,https://www.data.qld.gov.au/dataset/koala-hospital-data,2026-09-29,Origin and destination coordinates aggregated to 0.1 degrees; only records with both valid coordinate pairs are included.
-28.2,153.3,-28.1,153.3,1,https://www.data.qld.gov.au/dataset/koala-hospital-data,2026-09-29,Origin and destination coordinates aggregated to 0.1 degrees; only records with both valid coordinate pairs are included.
-27.3,153.0,-27.1,153.0,1,https://www.data.qld.gov.au/dataset/koala-hospital-data,2026-09-29,Origin and destination coordinates aggregated to 0.1 degrees; only records with both valid coordinate pairs are included.
-28.2,153.4,-27.5,153.2,1,https://www.data.qld.gov.au/dataset/koala-hospital-data,2026-09-29,Origin and destination coordinates aggregated to 0.1 degrees; only records with both valid coordinate pairs are included.
-26.8,152.8,-26.8,153.8,1,https://www.data.qld.gov.au/dataset/koala-hospital-data,2026-09-29,Origin and destination coordinates aggregated to 0.1 degrees; only records with both valid coordinate pairs are included.
-27.4,152.8,-27.4,152.8,1,https://www.data.qld.gov.au/dataset/koala-hospital-data,2026-09-29,Origin and destination coordinates aggregated to 0.1 degrees; only records with both valid coordinate pairs are included.
-27.7,153.0,-27.7,152.0,1,https://www.data.qld.gov.au/dataset/koala-hospital-data,2026-09-29,Origin and destination coordinates aggregated to 0.1 degrees; only records with both valid coordinate pairs are included.
-26.5,153.1,-26.4,153.0,1,https://www.data.qld.gov.au/dataset/koala-hospital-data,2026-09-29,Origin and destination coordinates aggregated to 0.1 degrees; only records with both valid coordinate pairs are included.
-27.3,152.5,-27.4,152.5,1,https://www.data.qld.gov.au/dataset/koala-hospital-data,2026-09-29,Origin and destination coordinates aggregated to 0.1 degrees; only records with both valid coordinate pairs are included.
-27.5,152.9,-27.5,153.0,1,https://www.data.qld.gov.au/dataset/koala-hospital-data,2026-09-29,Origin and destination coordinates aggregated to 0.1 degrees; only records with both valid coordinate pairs are included.
-27.2,153.1,-27.5,153.2,1,https://www.data.qld.gov.au/dataset/koala-hospital-data,2026-09-29,Origin and destination coordinates aggregated to 0.1 degrees; only records with both valid coordinate pairs are included.
-27.2,153.0,-27.3,153.1,1,https://www.data.qld.gov.au/dataset/koala-hospital-data,2026-09-29,Origin and destination coordinates aggregated to 0.1 degrees; only records with both valid coordinate pairs are included.
-27.8,153.3,-27.1,153.0,1,https://www.data.qld.gov.au/dataset/koala-hospital-data,2026-09-29,Origin and destination coordinates aggregated to 0.1 degrees; only records with both valid coordinate pairs are included.
-27.4,153.2,-27.5,153.1,1,https://www.data.qld.gov.au/dataset/koala-hospital-data,2026-09-29,Origin and destination coordinates aggregated to 0.1 degrees; only records with both valid coordinate pairs are included.
-27.2,152.8,-27.3,152.9,1,https://www.data.qld.gov.au/dataset/koala-hospital-data,2026-09-29,Origin and destination coordinates aggregated to 0.1 degrees; only records with both valid coordinate pairs are included.
-27.8,153.1,-27.9,153.1,1,https://www.data.qld.gov.au/dataset/koala-hospital-data,2026-09-29,Origin and destination coordinates aggregated to 0.1 degrees; only records with both valid coordinate pairs are included.
-28.0,153.3,-28.0,153.2,1,https://www.data.qld.gov.au/dataset/koala-hospital-data,2026-09-29,Origin and destination coordinates aggregated to 0.1 degrees; only records with both valid coordinate pairs are included.
-27.9,152.7,-27.7,152.7,1,https://www.data.qld.gov.au/dataset/koala-hospital-data,2026-09-29,Origin and destination coordinates aggregated to 0.1 degrees; only records with both valid coordinate pairs are included.
-28.1,153.3,-28.1,153.4,1,https://www.data.qld.gov.au/dataset/koala-hospital-data,2026-09-29,Origin and destination coordinates aggregated to 0.1 degrees; only records with both valid coordinate pairs are included.
-28.4,149.1,-28.4,149.1,1,https://www.data.qld.gov.au/dataset/koala-hospital-data,2026-09-29,Origin and destination coordinates aggregated to 0.1 degrees; only records with both valid coordinate pairs are included.
-28.1,152.8,-27.3,153.0,1,https://www.data.qld.gov.au/dataset/koala-hospital-data,2026-09-29,Origin and destination coordinates aggregated to 0.1 degrees; only records with both valid coordinate pairs are included.
-27.2,152.4,-27.2,153.0,1,https://www.data.qld.gov.au/dataset/koala-hospital-data,2026-09-29,Origin and destination coordinates aggregated to 0.1 degrees; only records with both valid coordinate pairs are included.
-26.5,153.0,-26.4,153.0,1,https://www.data.qld.gov.au/dataset/koala-hospital-data,2026-09-29,Origin and destination coordinates aggregated to 0.1 degrees; only records with both valid coordinate pairs are included.
-26.4,151.3,-26.4,151.3,1,https://www.data.qld.gov.au/dataset/koala-hospital-data,2026-09-29,Origin and destination coordinates aggregated to 0.1 degrees; only records with both valid coordinate pairs are included.
-27.5,152.6,-27.3,153.0,1,https://www.data.qld.gov.au/dataset/koala-hospital-data,2026-09-29,Origin and destination coordinates aggregated to 0.1 degrees; only records with both valid coordinate pairs are included.
-27.3,153.0,-25.5,152.8,1,https://www.data.qld.gov.au/dataset/koala-hospital-data,2026-09-29,Origin and destination coordinates aggregated to 0.1 degrees; only records with both valid coordinate pairs are included.
-27.7,152.9,-25.5,152.8,1,https://www.data.qld.gov.au/dataset/koala-hospital-data,2026-09-29,Origin and destination coordinates aggregated to 0.1 degrees; only records with both valid coordinate pairs are included.
-26.2,152.5,-26.2,152.4,1,https://www.data.qld.gov.au/dataset/koala-hospital-data,2026-09-29,Origin and destination coordinates aggregated to 0.1 degrees; only records with both valid coordinate pairs are included.
-27.8,152.7,-27.7,152.8,1,https://www.data.qld.gov.au/dataset/koala-hospital-data,2026-09-29,Origin and destination coordinates aggregated to 0.1 degrees; only records with both valid coordinate pairs are included.
-27.0,152.4,-27.2,152.6,1,https://www.data.qld.gov.au/dataset/koala-hospital-data,2026-09-29,Origin and destination coordinates aggregated to 0.1 degrees; only records with both valid coordinate pairs are included.
-27.6,153.4,-27.6,153.4,1,https://www.data.qld.gov.au/dataset/koala-hospital-data,2026-09-29,Origin and destination coordinates aggregated to 0.1 degrees; only records with both valid coordinate pairs are included.
-26.7,152.0,-26.6,152.1,1,https://www.data.qld.gov.au/dataset/koala-hospital-data,2026-09-29,Origin and destination coordinates aggregated to 0.1 degrees; only records with both valid coordinate pairs are included.
-27.2,152.4,-27.3,152.3,1,https://www.data.qld.gov.au/dataset/koala-hospital-data,2026-09-29,Origin and destination coordinates aggregated to 0.1 degrees; only records with both valid coordinate pairs are included.
-26.7,151.7,-26.2,151.6,1,https://www.data.qld.gov.au/dataset/koala-hospital-data,2026-09-29,Origin and destination coordinates aggregated to 0.1 degrees; only records with both valid coordinate pairs are included.
-27.4,152.2,-27.3,152.1,1,https://www.data.qld.gov.au/dataset/koala-hospital-data,2026-09-29,Origin and destination coordinates aggregated to 0.1 degrees; only records with both valid coordinate pairs are included.
-28.0,151.6,-28.0,152.7,1,https://www.data.qld.gov.au/dataset/koala-hospital-data,2026-09-29,Origin and destination coordinates aggregated to 0.1 degrees; only records with both valid coordinate pairs are included.
-28.1,153.2,-28.1,153.2,1,https://www.data.qld.gov.au/dataset/koala-hospital-data,2026-09-29,Origin and destination coordinates aggregated to 0.1 degrees; only records with both valid coordinate pairs are included.
-26.2,152.4,-26.3,152.4,1,https://www.data.qld.gov.au/dataset/koala-hospital-data,2026-09-29,Origin and destination coordinates aggregated to 0.1 degrees; only records with both valid coordinate pairs are included.
-27.4,152.0,-27.3,151.8,1,https://www.data.qld.gov.au/dataset/koala-hospital-data,2026-09-29,Origin and destination coordinates aggregated to 0.1 degrees; only records with both valid coordinate pairs are included.
-28.0,152.6,-27.0,150.5,1,https://www.data.qld.gov.au/dataset/koala-hospital-data,2026-09-29,Origin and destination coordinates aggregated to 0.1 degrees; only records with both valid coordinate pairs are included.
-27.3,152.1,-27.2,152.1,1,https://www.data.qld.gov.au/dataset/koala-hospital-data,2026-09-29,Origin and destination coordinates aggregated to 0.1 degrees; only records with both valid coordinate pairs are included.
-25.5,152.7,-25.5,152.8,1,https://www.data.qld.gov.au/dataset/koala-hospital-data,2026-09-29,Origin and destination coordinates aggregated to 0.1 degrees; only records with both valid coordinate pairs are included.
-26.9,152.4,-27.0,152.3,1,https://www.data.qld.gov.au/dataset/koala-hospital-data,2026-09-29,Origin and destination coordinates aggregated to 0.1 degrees; only records with both valid coordinate pairs are included.
-26.6,151.9,-26.5,151.8,1,https://www.data.qld.gov.au/dataset/koala-hospital-data,2026-09-29,Origin and destination coordinates aggregated to 0.1 degrees; only records with both valid coordinate pairs are included.
-26.5,151.8,-26.2,151.7,1,https://www.data.qld.gov.au/dataset/koala-hospital-data,2026-09-29,Origin and destination coordinates aggregated to 0.1 degrees; only records with both valid coordinate pairs are included.
-26.2,151.8,-26.2,151.7,1,https://www.data.qld.gov.au/dataset/koala-hospital-data,2026-09-29,Origin and destination coordinates aggregated to 0.1 degrees; only records with both valid coordinate pairs are included.
-27.6,151.6,-27.6,151.5,1,https://www.data.qld.gov.au/dataset/koala-hospital-data,2026-09-29,Origin and destination coordinates aggregated to 0.1 degrees; only records with both valid coordinate pairs are included.
-27.8,151.9,-27.7,152.0,1,https://www.data.qld.gov.au/dataset/koala-hospital-data,2026-09-29,Origin and destination coordinates aggregated to 0.1 degrees; only records with both valid coordinate pairs are included.
-28.0,153.1,-28.0,153.1,1,https://www.data.qld.gov.au/dataset/koala-hospital-data,2026-09-29,Origin and destination coordinates aggregated to 0.1 degrees; only records with both valid coordinate pairs are included.
-25.6,152.6,-25.5,152.8,1,https://www.data.qld.gov.au/dataset/koala-hospital-data,2026-09-29,Origin and destination coordinates aggregated to 0.1 degrees; only records with both valid coordinate pairs are included.
-27.3,152.0,-27.3,153.0,1,https://www.data.qld.gov.au/dataset/koala-hospital-data,2026-09-29,Origin and destination coordinates aggregated to 0.1 degrees; only records with both valid coordinate pairs are included.
-26.5,152.1,-26.5,152.1,1,https://www.data.qld.gov.au/dataset/koala-hospital-data,2026-09-29,Origin and destination coordinates aggregated to 0.1 degrees; only records with both valid coordinate pairs are included.
-21.5,148.8,-21.5,148.8,1,https://www.data.qld.gov.au/dataset/koala-hospital-data,2026-09-29,Origin and destination coordinates aggregated to 0.1 degrees; only records with both valid coordinate pairs are included.
-22.5,149.5,-22.8,149.9,1,https://www.data.qld.gov.au/dataset/koala-hospital-data,2026-09-29,Origin and destination coordinates aggregated to 0.1 degrees; only records with both valid coordinate pairs are included.
-22.6,147.8,-22.4,148.0,1,https://www.data.qld.gov.au/dataset/koala-hospital-data,2026-09-29,Origin and destination coordinates aggregated to 0.1 degrees; only records with both valid coordinate pairs are included.
-27.8,152.8,-27.8,152.8,1,https://www.data.qld.gov.au/dataset/koala-hospital-data,2026-09-29,Origin and destination coordinates aggregated to 0.1 degrees; only records with both valid coordinate pairs are included.
-27.1,152.9,-27.0,152.8,1,https://www.data.qld.gov.au/dataset/koala-hospital-data,2026-09-29,Origin and destination coordinates aggregated to 0.1 degrees; only records with both valid coordinate pairs are included.
-27.2,152.6,-27.1,152.5,1,https://www.data.qld.gov.au/dataset/koala-hospital-data,2026-09-29,Origin and destination coordinates aggregated to 0.1 degrees; only records with both valid coordinate pairs are included.
-28.1,152.8,-28.1,152.9,1,https://www.data.qld.gov.au/dataset/koala-hospital-data,2026-09-29,Origin and destination coordinates aggregated to 0.1 degrees; only records with both valid coordinate pairs are included.
-22.8,147.6,-22.8,147.6,1,https://www.data.qld.gov.au/dataset/koala-hospital-data,2026-09-29,Origin and destination coordinates aggregated to 0.1 degrees; only records with both valid coordinate pairs are included.
-26.5,152.1,-26.5,152.2,1,https://www.data.qld.gov.au/dataset/koala-hospital-data,2026-09-29,Origin and destination coordinates aggregated to 0.1 degrees; only records with both valid coordinate pairs are included.
-27.8,152.6,-27.7,152.6,1,https://www.data.qld.gov.au/dataset/koala-hospital-data,2026-09-29,Origin and destination coordinates aggregated to 0.1 degrees; only records with both valid coordinate pairs are included.
-27.0,152.9,-27.1,152.9,1,https://www.data.qld.gov.au/dataset/koala-hospital-data,2026-09-29,Origin and destination coordinates aggregated to 0.1 degrees; only records with both valid coordinate pairs are included.
-27.2,152.0,-27.2,152.1,1,https://www.data.qld.gov.au/dataset/koala-hospital-data,2026-09-29,Origin and destination coordinates aggregated to 0.1 degrees; only records with both valid coordinate pairs are included.
-27.3,151.9,-27.5,151.8,1,https://www.data.qld.gov.au/dataset/koala-hospital-data,2026-09-29,Origin and destination coordinates aggregated to 0.1 degrees; only records with both valid coordinate pairs are included.
-28.3,152.9,-28.3,152.9,1,https://www.data.qld.gov.au/dataset/koala-hospital-data,2026-09-29,Origin and destination coordinates aggregated to 0.1 degrees; only records with both valid coordinate pairs are included.
-21.5,148.9,-21.5,148.8,1,https://www.data.qld.gov.au/dataset/koala-hospital-data,2026-09-29,Origin and destination coordinates aggregated to 0.1 degrees; only records with both valid coordinate pairs are included.
-27.5,151.9,-27.5,152.0,1,https://www.data.qld.gov.au/dataset/koala-hospital-data,2026-09-29,Origin and destination coordinates aggregated to 0.1 degrees; only records with both valid coordinate pairs are included.
-26.5,152.7,-26.5,152.8,1,https://www.data.qld.gov.au/dataset/koala-hospital-data,2026-09-29,Origin and destination coordinates aggregated to 0.1 degrees; only records with both valid coordinate pairs are included.
-27.6,152.3,-27.6,152.3,1,https://www.data.qld.gov.au/dataset/koala-hospital-data,2026-09-29,Origin and destination coordinates aggregated to 0.1 degrees; only records with both valid coordinate pairs are included.
-27.3,153.0,-27.5,153.0,1,https://www.data.qld.gov.au/dataset/koala-hospital-data,2026-09-29,Origin and destination coordinates aggregated to 0.1 degrees; only records with both valid coordinate pairs are included.
-28.0,153.4,-28.0,153.2,1,https://www.data.qld.gov.au/dataset/koala-hospital-data,2026-09-29,Origin and destination coordinates aggregated to 0.1 degrees; only records with both valid coordinate pairs are included.
-27.3,152.9,-27.5,153.3,1,https://www.data.qld.gov.au/dataset/koala-hospital-data,2026-09-29,Origin and destination coordinates aggregated to 0.1 degrees; only records with both valid coordinate pairs are included.
-28.1,153.4,-28.1,153.3,1,https://www.data.qld.gov.au/dataset/koala-hospital-data,2026-09-29,Origin and destination coordinates aggregated to 0.1 degrees; only records with both valid coordinate pairs are included.
-27.5,152.9,-27.6,152.9,1,https://www.data.qld.gov.au/dataset/koala-hospital-data,2026-09-29,Origin and destination coordinates aggregated to 0.1 degrees; only records with both valid coordinate pairs are included.
-27.7,152.3,-27.7,152.3,1,https://www.data.qld.gov.au/dataset/koala-hospital-data,2026-09-29,Origin and destination coordinates aggregated to 0.1 degrees; only records with both valid coordinate pairs are included.
-27.3,152.4,-27.5,152.6,1,https://www.data.qld.gov.au/dataset/koala-hospital-data,2026-09-29,Origin and destination coordinates aggregated to 0.1 degrees; only records with both valid coordinate pairs are included.
-28.1,152.5,-28.1,152.5,1,https://www.data.qld.gov.au/dataset/koala-hospital-data,2026-09-29,Origin and destination coordinates aggregated to 0.1 degrees; only records with both valid coordinate pairs are included.
-27.5,151.8,-27.4,151.8,1,https://www.data.qld.gov.au/dataset/koala-hospital-data,2026-09-29,Origin and destination coordinates aggregated to 0.1 degrees; only records with both valid coordinate pairs are included.
-25.4,152.9,-25.4,152.9,1,https://www.data.qld.gov.au/dataset/koala-hospital-data,2026-09-29,Origin and destination coordinates aggregated to 0.1 degrees; only records with both valid coordinate pairs are included.
-26.4,152.8,-26.4,152.9,1,https://www.data.qld.gov.au/dataset/koala-hospital-data,2026-09-29,Origin and destination coordinates aggregated to 0.1 degrees; only records with both valid coordinate pairs are included.
-26.5,151.8,-26.3,151.9,1,https://www.data.qld.gov.au/dataset/koala-hospital-data,2026-09-29,Origin and destination coordinates aggregated to 0.1 degrees; only records with both valid coordinate pairs are included.
-27.3,151.7,-27.2,151.7,1,https://www.data.qld.gov.au/dataset/koala-hospital-data,2026-09-29,Origin and destination coordinates aggregated to 0.1 degrees; only records with both valid coordinate pairs are included.
-25.3,152.8,-25.4,152.9,1,https://www.data.qld.gov.au/dataset/koala-hospital-data,2026-09-29,Origin and destination coordinates aggregated to 0.1 degrees; only records with both valid coordinate pairs are included.
-27.9,152.6,-27.9,152.7,1,https://www.data.qld.gov.au/dataset/koala-hospital-data,2026-09-29,Origin and destination coordinates aggregated to 0.1 degrees; only records with both valid coordinate pairs are included.
-27.5,151.8,-27.4,151.9,1,https://www.data.qld.gov.au/dataset/koala-hospital-data,2026-09-29,Origin and destination coordinates aggregated to 0.1 degrees; only records with both valid coordinate pairs are included.
-27.4,152.6,-27.5,152.6,1,https://www.data.qld.gov.au/dataset/koala-hospital-data,2026-09-29,Origin and destination coordinates aggregated to 0.1 degrees; only records with both valid coordinate pairs are included.
-28.2,152.2,-28.2,152.2,1,https://www.data.qld.gov.au/dataset/koala-hospital-data,2026-09-29,Origin and destination coordinates aggregated to 0.1 degrees; only records with both valid coordinate pairs are included.
-27.5,152.1,-27.4,152.1,1,https://www.data.qld.gov.au/dataset/koala-hospital-data,2026-09-29,Origin and destination coordinates aggregated to 0.1 degrees; only records with both valid coordinate pairs are included.
-26.5,152.4,-26.6,152.4,1,https://www.data.qld.gov.au/dataset/koala-hospital-data,2026-09-29,Origin and destination coordinates aggregated to 0.1 degrees; only records with both valid coordinate pairs are included.
-26.4,152.0,-26.4,151.9,1,https://www.data.qld.gov.au/dataset/koala-hospital-data,2026-09-29,Origin and destination coordinates aggregated to 0.1 degrees; only records with both valid coordinate pairs are included.
-27.7,153.2,-27.3,152.6,1,https://www.data.qld.gov.au/dataset/koala-hospital-data,2026-09-29,Origin and destination coordinates aggregated to 0.1 degrees; only records with both valid coordinate pairs are included.
-26.6,150.3,-26.6,150.3,1,https://www.data.qld.gov.au/dataset/koala-hospital-data,2026-09-29,Origin and destination coordinates aggregated to 0.1 degrees; only records with both valid coordinate pairs are included.
-26.4,152.8,-26.3,152.8,1,https://www.data.qld.gov.au/dataset/koala-hospital-data,2026-09-29,Origin and destination coordinates aggregated to 0.1 degrees; only records with both valid coordinate pairs are included.
-27.2,151.5,-27.3,151.4,1,https://www.data.qld.gov.au/dataset/koala-hospital-data,2026-09-29,Origin and destination coordinates aggregated to 0.1 degrees; only records with both valid coordinate pairs are included.
-28.8,151.9,-28.8,151.9,1,https://www.data.qld.gov.au/dataset/koala-hospital-data,2026-09-29,Origin and destination coordinates aggregated to 0.1 degrees; only records with both valid coordinate pairs are included.
-26.8,153.0,-26.8,153.0,1,https://www.data.qld.gov.au/dataset/koala-hospital-data,2026-09-29,Origin and destination coordinates aggregated to 0.1 degrees; only records with both valid coordinate pairs are included.
-28.2,152.9,-28.3,152.9,1,https://www.data.qld.gov.au/dataset/koala-hospital-data,2026-09-29,Origin and destination coordinates aggregated to 0.1 degrees; only records with both valid coordinate pairs are included.
-28.6,151.9,-28.7,151.9,1,https://www.data.qld.gov.au/dataset/koala-hospital-data,2026-09-29,Origin and destination coordinates aggregated to 0.1 degrees; only records with both valid coordinate pairs are included.
-27.5,152.4,-27.7,152.5,1,https://www.data.qld.gov.au/dataset/koala-hospital-data,2026-09-29,Origin and destination coordinates aggregated to 0.1 degrees; only records with both valid coordinate pairs are included.
-27.7,153.2,-27.8,153.2,1,https://www.data.qld.gov.au/dataset/koala-hospital-data,2026-09-29,Origin and destination coordinates aggregated to 0.1 degrees; only records with both valid coordinate pairs are included.
-26.2,151.9,-26.2,151.9,1,https://www.data.qld.gov.au/dataset/koala-hospital-data,2026-09-29,Origin and destination coordinates aggregated to 0.1 degrees; only records with both valid coordinate pairs are included.
-27.6,152.9,-27.7,152.8,1,https://www.data.qld.gov.au/dataset/koala-hospital-data,2026-09-29,Origin and destination coordinates aggregated to 0.1 degrees; only records with both valid coordinate pairs are included.
-28.2,152.7,-28.2,152.7,1,https://www.data.qld.gov.au/dataset/koala-hospital-data,2026-09-29,Origin and destination coordinates aggregated to 0.1 degrees; only records with both valid coordinate pairs are included.
-26.8,152.0,-26.8,152.0,1,https://www.data.qld.gov.au/dataset/koala-hospital-data,2026-09-29,Origin and destination coordinates aggregated to 0.1 degrees; only records with both valid coordinate pairs are included.
-25.3,152.8,-25.5,152.8,1,https://www.data.qld.gov.au/dataset/koala-hospital-data,2026-09-29,Origin and destination coordinates aggregated to 0.1 degrees; only records with both valid coordinate pairs are included.
-27.5,153.0,-27.5,153.2,1,https://www.data.qld.gov.au/dataset/koala-hospital-data,2026-09-29,Origin and destination coordinates aggregated to 0.1 degrees; only records with both valid coordinate pairs are included.
-25.6,152.7,-25.5,152.6,1,https://www.data.qld.gov.au/dataset/koala-hospital-data,2026-09-29,Origin and destination coordinates aggregated to 0.1 degrees; only records with both valid coordinate pairs are included.
-27.6,153.0,-27.6,153.1,1,https://www.data.qld.gov.au/dataset/koala-hospital-data,2026-09-29,Origin and destination coordinates aggregated to 0.1 degrees; only records with both valid coordinate pairs are included.
-28.0,151.1,-28.0,151.0,1,https://www.data.qld.gov.au/dataset/koala-hospital-data,2026-09-29,Origin and destination coordinates aggregated to 0.1 degrees; only records with both valid coordinate pairs are included.
-27.4,151.7,-27.4,152.0,1,https://www.data.qld.gov.au/dataset/koala-hospital-data,2026-09-29,Origin and destination coordinates aggregated to 0.1 degrees; only records with both valid coordinate pairs are included.
-28.0,153.4,-27.9,153.2,1,https://www.data.qld.gov.au/dataset/koala-hospital-data,2026-09-29,Origin and destination coordinates aggregated to 0.1 degrees; only records with both valid coordinate pairs are included.
-27.6,152.2,-27.5,152.2,1,https://www.data.qld.gov.au/dataset/koala-hospital-data,2026-09-29,Origin and destination coordinates aggregated to 0.1 degrees; only records with both valid coordinate pairs are included.
-27.0,151.3,-27.0,151.4,1,https://www.data.qld.gov.au/dataset/koala-hospital-data,2026-09-29,Origin and destination coordinates aggregated to 0.1 degrees; only records with both valid coordinate pairs are included.
-27.4,152.9,-27.4,153.0,1,https://www.data.qld.gov.au/dataset/koala-hospital-data,2026-09-29,Origin and destination coordinates aggregated to 0.1 degrees; only records with both valid coordinate pairs are included.
-27.1,153.0,-27.1,152.8,1,https://www.data.qld.gov.au/dataset/koala-hospital-data,2026-09-29,Origin and destination coordinates aggregated to 0.1 degrees; only records with both valid coordinate pairs are included.
-26.1,152.2,-26.1,152.3,1,https://www.data.qld.gov.au/dataset/koala-hospital-data,2026-09-29,Origin and destination coordinates aggregated to 0.1 degrees; only records with both valid coordinate pairs are included.
-27.2,153.0,-27.1,152.8,1,https://www.data.qld.gov.au/dataset/koala-hospital-data,2026-09-29,Origin and destination coordinates aggregated to 0.1 degrees; only records with both valid coordinate pairs are included.
-26.2,151.7,-26.2,151.7,1,https://www.data.qld.gov.au/dataset/koala-hospital-data,2026-09-29,Origin and destination coordinates aggregated to 0.1 degrees; only records with both valid coordinate pairs are included.
-27.0,152.7,-27.0,152.7,1,https://www.data.qld.gov.au/dataset/koala-hospital-data,2026-09-29,Origin and destination coordinates aggregated to 0.1 degrees; only records with both valid coordinate pairs are included.
-27.9,151.3,-27.9,151.3,1,https://www.data.qld.gov.au/dataset/koala-hospital-data,2026-09-29,Origin and destination coordinates aggregated to 0.1 degrees; only records with both valid coordinate pairs are included.
-26.3,151.8,-26.3,151.9,1,https://www.data.qld.gov.au/dataset/koala-hospital-data,2026-09-29,Origin and destination coordinates aggregated to 0.1 degrees; only records with both valid coordinate pairs are included.
-27.3,152.9,-27.2,153.0,1,https://www.data.qld.gov.au/dataset/koala-hospital-data,2026-09-29,Origin and destination coordinates aggregated to 0.1 degrees; only records with both valid coordinate pairs are included.
-27.5,152.0,-27.4,152.1,1,https://www.data.qld.gov.au/dataset/koala-hospital-data,2026-09-29,Origin and destination coordinates aggregated to 0.1 degrees; only records with both valid coordinate pairs are included.
-27.0,153.0,-27.0,153.0,1,https://www.data.qld.gov.au/dataset/koala-hospital-data,2026-09-29,Origin and destination coordinates aggregated to 0.1 degrees; only records with both valid coordinate pairs are included.
-27.5,152.4,-27.5,152.5,1,https://www.data.qld.gov.au/dataset/koala-hospital-data,2026-09-29,Origin and destination coordinates aggregated to 0.1 degrees; only records with both valid coordinate pairs are included.
-26.3,152.6,-26.2,152.7,1,https://www.data.qld.gov.au/dataset/koala-hospital-data,2026-09-29,Origin and destination coordinates aggregated to 0.1 degrees; only records with both valid coordinate pairs are included.
-28.1,153.2,-28.0,153.3,1,https://www.data.qld.gov.au/dataset/koala-hospital-data,2026-09-29,Origin and destination coordinates aggregated to 0.1 degrees; only records with both valid coordinate pairs are included.
-26.5,151.8,-26.5,151.9,1,https://www.data.qld.gov.au/dataset/koala-hospital-data,2026-09-29,Origin and destination coordinates aggregated to 0.1 degrees; only records with both valid coordinate pairs are included.
-27.9,153.4,-28.0,153.2,1,https://www.data.qld.gov.au/dataset/koala-hospital-data,2026-09-29,Origin and destination coordinates aggregated to 0.1 degrees; only records with both valid coordinate pairs are included.
-27.3,153.1,-27.2,152.9,1,https://www.data.qld.gov.au/dataset/koala-hospital-data,2026-09-29,Origin and destination coordinates aggregated to 0.1 degrees; only records with both valid coordinate pairs are included.
-27.9,153.0,-27.9,153.1,1,https://www.data.qld.gov.au/dataset/koala-hospital-data,2026-09-29,Origin and destination coordinates aggregated to 0.1 degrees; only records with both valid coordinate pairs are included.
-28.0,153.3,-27.9,153.3,1,https://www.data.qld.gov.au/dataset/koala-hospital-data,2026-09-29,Origin and destination coordinates aggregated to 0.1 degrees; only records with both valid coordinate pairs are included.
-28.0,153.4,-27.9,153.3,1,https://www.data.qld.gov.au/dataset/koala-hospital-data,2026-09-29,Origin and destination coordinates aggregated to 0.1 degrees; only records with both valid coordinate pairs are included.
-26.5,151.8,-26.5,151.8,1,https://www.data.qld.gov.au/dataset/koala-hospital-data,2026-09-29,Origin and destination coordinates aggregated to 0.1 degrees; only records with both valid coordinate pairs are included.
-26.5,151.9,-26.5,151.8,1,https://www.data.qld.gov.au/dataset/koala-hospital-data,2026-09-29,Origin and destination coordinates aggregated to 0.1 degrees; only records with both valid coordinate pairs are included.
-28.1,153.1,-28.1,153.2,1,https://www.data.qld.gov.au/dataset/koala-hospital-data,2026-09-29,Origin and destination coordinates aggregated to 0.1 degrees; only records with both valid coordinate pairs are included.
-28.0,153.2,-28.1,153.1,1,https://www.data.qld.gov.au/dataset/koala-hospital-data,2026-09-29,Origin and destination coordinates aggregated to 0.1 degrees; only records with both valid coordinate pairs are included.
-27.5,151.8,-27.5,152.0,1,https://www.data.qld.gov.au/dataset/koala-hospital-data,2026-09-29,Origin and destination coordinates aggregated to 0.1 degrees; only records with both valid coordinate pairs are included.
-27.3,152.8,-27.4,152.8,1,https://www.data.qld.gov.au/dataset/koala-hospital-data,2026-09-29,Origin and destination coordinates aggregated to 0.1 degrees; only records with both valid coordinate pairs are included.
-28.2,153.2,-28.1,153.2,1,https://www.data.qld.gov.au/dataset/koala-hospital-data,2026-09-29,Origin and destination coordinates aggregated to 0.1 degrees; only records with both valid coordinate pairs are included.
-26.3,152.3,-26.3,152.7,1,https://www.data.qld.gov.au/dataset/koala-hospital-data,2026-09-29,Origin and destination coordinates aggregated to 0.1 degrees; only records with both valid coordinate pairs are included.
-27.3,152.5,-27.3,152.4,1,https://www.data.qld.gov.au/dataset/koala-hospital-data,2026-09-29,Origin and destination coordinates aggregated to 0.1 degrees; only records with both valid coordinate pairs are included.
-26.4,153.1,-26.3,153.0,1,https://www.data.qld.gov.au/dataset/koala-hospital-data,2026-09-29,Origin and destination coordinates aggregated to 0.1 degrees; only records with both valid coordinate pairs are included.
-26.6,151.9,-26.6,151.9,1,https://www.data.qld.gov.au/dataset/koala-hospital-data,2026-09-29,Origin and destination coordinates aggregated to 0.1 degrees; only records with both valid coordinate pairs are included.
-27.4,152.1,-27.5,152.0,1,https://www.data.qld.gov.au/dataset/koala-hospital-data,2026-09-29,Origin and destination coordinates aggregated to 0.1 degrees; only records with both valid coordinate pairs are included.
-26.2,152.0,-26.2,151.9,1,https://www.data.qld.gov.au/dataset/koala-hospital-data,2026-09-29,Origin and destination coordinates aggregated to 0.1 degrees; only records with both valid coordinate pairs are included.
-28.1,153.3,-28.0,153.3,1,https://www.data.qld.gov.au/dataset/koala-hospital-data,2026-09-29,Origin and destination coordinates aggregated to 0.1 degrees; only records with both valid coordinate pairs are included.
-26.2,152.2,-26.2,152.1,1,https://www.data.qld.gov.au/dataset/koala-hospital-data,2026-09-29,Origin and destination coordinates aggregated to 0.1 degrees; only records with both valid coordinate pairs are included.
-27.4,152.1,-27.2,152.1,1,https://www.data.qld.gov.au/dataset/koala-hospital-data,2026-09-29,Origin and destination coordinates aggregated to 0.1 degrees; only records with both valid coordinate pairs are included.
-27.4,152.1,-27.4,152.1,1,https://www.data.qld.gov.au/dataset/koala-hospital-data,2026-09-29,Origin and destination coordinates aggregated to 0.1 degrees; only records with both valid coordinate pairs are included.
-27.3,152.4,-27.3,152.3,1,https://www.data.qld.gov.au/dataset/koala-hospital-data,2026-09-29,Origin and destination coordinates aggregated to 0.1 degrees; only records with both valid coordinate pairs are included.
-26.2,152.0,-26.5,151.9,1,https://www.data.qld.gov.au/dataset/koala-hospital-data,2026-09-29,Origin and destination coordinates aggregated to 0.1 degrees; only records with both valid coordinate pairs are included.
-26.2,152.0,-26.3,152.0,1,https://www.data.qld.gov.au/dataset/koala-hospital-data,2026-09-29,Origin and destination coordinates aggregated to 0.1 degrees; only records with both valid coordinate pairs are included.
-27.2,152.8,-27.1,152.8,1,https://www.data.qld.gov.au/dataset/koala-hospital-data,2026-09-29,Origin and destination coordinates aggregated to 0.1 degrees; only records with both valid coordinate pairs are included.
-26.8,152.9,-26.8,152.8,1,https://www.data.qld.gov.au/dataset/koala-hospital-data,2026-09-29,Origin and destination coordinates aggregated to 0.1 degrees; only records with both valid coordinate pairs are included.
-27.2,152.8,-27.4,152.9,1,https://www.data.qld.gov.au/dataset/koala-hospital-data,2026-09-29,Origin and destination coordinates aggregated to 0.1 degrees; only records with both valid coordinate pairs are included.
-28.3,152.8,-28.2,152.7,1,https://www.data.qld.gov.au/dataset/koala-hospital-data,2026-09-29,Origin and destination coordinates aggregated to 0.1 degrees; only records with both valid coordinate pairs are included.
-27.5,152.3,-27.0,152.2,1,https://www.data.qld.gov.au/dataset/koala-hospital-data,2026-09-29,Origin and destination coordinates aggregated to 0.1 degrees; only records with both valid coordinate pairs are included.
-27.1,151.3,-27.1,151.3,1,https://www.data.qld.gov.au/dataset/koala-hospital-data,2026-09-29,Origin and destination coordinates aggregated to 0.1 degrees; only records with both valid coordinate pairs are included.
-27.8,153.4,-28.0,153.4,1,https://www.data.qld.gov.au/dataset/koala-hospital-data,2026-09-29,Origin and destination coordinates aggregated to 0.1 degrees; only records with both valid coordinate pairs are included.
-28.2,152.0,-28.3,152.0,1,https://www.data.qld.gov.au/dataset/koala-hospital-data,2026-09-29,Origin and destination coordinates aggregated to 0.1 degrees; only records with both valid coordinate pairs are included.
-27.7,151.7,-27.6,151.6,1,https://www.data.qld.gov.au/dataset/koala-hospital-data,2026-09-29,Origin and destination coordinates aggregated to 0.1 degrees; only records with both valid coordinate pairs are included.
-21.3,149.0,-21.4,148.9,1,https://www.data.qld.gov.au/dataset/koala-hospital-data,2026-09-29,Origin and destination coordinates aggregated to 0.1 degrees; only records with both valid coordinate pairs are included.
-26.9,152.1,-24.4,145.5,1,https://www.data.qld.gov.au/dataset/koala-hospital-data,2026-09-29,Origin and destination coordinates aggregated to 0.1 degrees; only records with both valid coordinate pairs are included.
-21.8,148.9,-21.8,148.9,1,https://www.data.qld.gov.au/dataset/koala-hospital-data,2026-09-29,Origin and destination coordinates aggregated to 0.1 degrees; only records with both valid coordinate pairs are included.
-26.2,152.7,-26.1,152.7,1,https://www.data.qld.gov.au/dataset/koala-hospital-data,2026-09-29,Origin and destination coordinates aggregated to 0.1 degrees; only records with both valid coordinate pairs are included.
-27.5,153.4,-27.5,153.2,1,https://www.data.qld.gov.au/dataset/koala-hospital-data,2026-09-29,Origin and destination coordinates aggregated to 0.1 degrees; only records with both valid coordinate pairs are included.
-28.0,152.5,-28.0,152.6,1,https://www.data.qld.gov.au/dataset/koala-hospital-data,2026-09-29,Origin and destination coordinates aggregated to 0.1 degrees; only records with both valid coordinate pairs are included.
-27.7,153.0,-27.7,153.1,1,https://www.data.qld.gov.au/dataset/koala-hospital-data,2026-09-29,Origin and destination coordinates aggregated to 0.1 degrees; only records with both valid coordinate pairs are included.
-28.7,152.0,-28.7,151.9,1,https://www.data.qld.gov.au/dataset/koala-hospital-data,2026-09-29,Origin and destination coordinates aggregated to 0.1 degrees; only records with both valid coordinate pairs are included.
-26.2,151.8,-26.2,151.9,1,https://www.data.qld.gov.au/dataset/koala-hospital-data,2026-09-29,Origin and destination coordinates aggregated to 0.1 degrees; only records with both valid coordinate pairs are included.
-27.3,152.9,-27.4,152.9,1,https://www.data.qld.gov.au/dataset/koala-hospital-data,2026-09-29,Origin and destination coordinates aggregated to 0.1 degrees; only records with both valid coordinate pairs are included.
-25.4,152.8,-25.4,152.8,1,https://www.data.qld.gov.au/dataset/koala-hospital-data,2026-09-29,Origin and destination coordinates aggregated to 0.1 degrees; only records with both valid coordinate pairs are included.
-24.9,151.1,-24.9,151.4,1,https://www.data.qld.gov.au/dataset/koala-hospital-data,2026-09-29,Origin and destination coordinates aggregated to 0.1 degrees; only records with both valid coordinate pairs are included.
-27.3,152.1,-26.9,151.8,1,https://www.data.qld.gov.au/dataset/koala-hospital-data,2026-09-29,Origin and destination coordinates aggregated to 0.1 degrees; only records with both valid coordinate pairs are included.
-27.9,151.8,-27.9,151.8,1,https://www.data.qld.gov.au/dataset/koala-hospital-data,2026-09-29,Origin and destination coordinates aggregated to 0.1 degrees; only records with both valid coordinate pairs are included.
-26.2,152.8,-26.2,152.8,1,https://www.data.qld.gov.au/dataset/koala-hospital-data,2026-09-29,Origin and destination coordinates aggregated to 0.1 degrees; only records with both valid coordinate pairs are included.
-26.6,151.8,-26.5,151.8,1,https://www.data.qld.gov.au/dataset/koala-hospital-data,2026-09-29,Origin and destination coordinates aggregated to 0.1 degrees; only records with both valid coordinate pairs are included.
-26.9,151.9,-27.0,151.8,1,https://www.data.qld.gov.au/dataset/koala-hospital-data,2026-09-29,Origin and destination coordinates aggregated to 0.1 degrees; only records with both valid coordinate pairs are included.
-26.9,152.5,-26.9,152.5,1,https://www.data.qld.gov.au/dataset/koala-hospital-data,2026-09-29,Origin and destination coordinates aggregated to 0.1 degrees; only records with both valid coordinate pairs are included.
-27.3,152.2,-27.3,152.3,1,https://www.data.qld.gov.au/dataset/koala-hospital-data,2026-09-29,Origin and destination coordinates aggregated to 0.1 degrees; only records with both valid coordinate pairs are included.
-27.8,151.8,-27.4,151.9,1,https://www.data.qld.gov.au/dataset/koala-hospital-data,2026-09-29,Origin and destination coordinates aggregated to 0.1 degrees; only records with both valid coordinate pairs are included.
-26.2,151.6,-26.2,151.6,1,https://www.data.qld.gov.au/dataset/koala-hospital-data,2026-09-29,Origin and destination coordinates aggregated to 0.1 degrees; only records with both valid coordinate pairs are included.
-27.2,151.9,-27.2,151.9,1,https://www.data.qld.gov.au/dataset/koala-hospital-data,2026-09-29,Origin and destination coordinates aggregated to 0.1 degrees; only records with both valid coordinate pairs are included.
-26.3,153.0,-26.2,153.0,1,https://www.data.qld.gov.au/dataset/koala-hospital-data,2026-09-29,Origin and destination coordinates aggregated to 0.1 degrees; only records with both valid coordinate pairs are included.
-26.1,152.2,-26.3,152.0,1,https://www.data.qld.gov.au/dataset/koala-hospital-data,2026-09-29,Origin and destination coordinates aggregated to 0.1 degrees; only records with both valid coordinate pairs are included.
-27.9,153.3,-27.8,153.1,1,https://www.data.qld.gov.au/dataset/koala-hospital-data,2026-09-29,Origin and destination coordinates aggregated to 0.1 degrees; only records with both valid coordinate pairs are included.
-28.0,151.6,-28.0,151.6,1,https://www.data.qld.gov.au/dataset/koala-hospital-data,2026-09-29,Origin and destination coordinates aggregated to 0.1 degrees; only records with both valid coordinate pairs are included.
-27.6,152.5,-27.5,152.1,1,https://www.data.qld.gov.au/dataset/koala-hospital-data,2026-09-29,Origin and destination coordinates aggregated to 0.1 degrees; only records with both valid coordinate pairs are included.
-26.4,151.8,-26.4,151.9,1,https://www.data.qld.gov.au/dataset/koala-hospital-data,2026-09-29,Origin and destination coordinates aggregated to 0.1 degrees; only records with both valid coordinate pairs are included.
-27.4,152.5,-27.3,152.4,1,https://www.data.qld.gov.au/dataset/koala-hospital-data,2026-09-29,Origin and destination coordinates aggregated to 0.1 degrees; only records with both valid coordinate pairs are included.
-27.8,153.2,-27.8,153.3,1,https://www.data.qld.gov.au/dataset/koala-hospital-data,2026-09-29,Origin and destination coordinates aggregated to 0.1 degrees; only records with both valid coordinate pairs are included.
-26.2,152.2,-26.3,152.5,1,https://www.data.qld.gov.au/dataset/koala-hospital-data,2026-09-29,Origin and destination coordinates aggregated to 0.1 degrees; only records with both valid coordinate pairs are included.
-27.1,152.9,-27.2,153.0,1,https://www.data.qld.gov.au/dataset/koala-hospital-data,2026-09-29,Origin and destination coordinates aggregated to 0.1 degrees; only records with both valid coordinate pairs are included.
-26.4,152.9,-26.3,152.9,1,https://www.data.qld.gov.au/dataset/koala-hospital-data,2026-09-29,Origin and destination coordinates aggregated to 0.1 degrees; only records with both valid coordinate pairs are included.
-26.5,153.1,-26.6,152.9,1,https://www.data.qld.gov.au/dataset/koala-hospital-data,2026-09-29,Origin and destination coordinates aggregated to 0.1 degrees; only records with both valid coordinate pairs are included.
-28.5,151.8,-28.5,151.9,1,https://www.data.qld.gov.au/dataset/koala-hospital-data,2026-09-29,Origin and destination coordinates aggregated to 0.1 degrees; only records with both valid coordinate pairs are included.
-27.3,152.2,-27.3,152.2,1,https://www.data.qld.gov.au/dataset/koala-hospital-data,2026-09-29,Origin and destination coordinates aggregated to 0.1 degrees; only records with both valid coordinate pairs are included.
-26.8,152.5,-26.7,152.5,1,https://www.data.qld.gov.au/dataset/koala-hospital-data,2026-09-29,Origin and destination coordinates aggregated to 0.1 degrees; only records with both valid coordinate pairs are included.
-27.7,153.1,-27.9,153.1,1,https://www.data.qld.gov.au/dataset/koala-hospital-data,2026-09-29,Origin and destination coordinates aggregated to 0.1 degrees; only records with both valid coordinate pairs are included.
-27.8,153.4,-27.8,152.4,1,https://www.data.qld.gov.au/dataset/koala-hospital-data,2026-09-29,Origin and destination coordinates aggregated to 0.1 degrees; only records with both valid coordinate pairs are included.
-24.4,151.3,-24.4,151.4,1,https://www.data.qld.gov.au/dataset/koala-hospital-data,2026-09-29,Origin and destination coordinates aggregated to 0.1 degrees; only records with both valid coordinate pairs are included.
-26.3,152.7,-26.4,152.6,1,https://www.data.qld.gov.au/dataset/koala-hospital-data,2026-09-29,Origin and destination coordinates aggregated to 0.1 degrees; only records with both valid coordinate pairs are included.
-28.6,151.9,-28.6,151.9,1,https://www.data.qld.gov.au/dataset/koala-hospital-data,2026-09-29,Origin and destination coordinates aggregated to 0.1 degrees; only records with both valid coordinate pairs are included.
-27.3,151.8,-27.6,152.5,1,https://www.data.qld.gov.au/dataset/koala-hospital-data,2026-09-29,Origin and destination coordinates aggregated to 0.1 degrees; only records with both valid coordinate pairs are included.
-28.1,152.9,-28.1,152.9,1,https://www.data.qld.gov.au/dataset/koala-hospital-data,2026-09-29,Origin and destination coordinates aggregated to 0.1 degrees; only records with both valid coordinate pairs are included.
-27.3,152.4,-27.2,152.4,1,https://www.data.qld.gov.au/dataset/koala-hospital-data,2026-09-29,Origin and destination coordinates aggregated to 0.1 degrees; only records with both valid coordinate pairs are included.
-28.0,152.9,-28.0,152.9,1,https://www.data.qld.gov.au/dataset/koala-hospital-data,2026-09-29,Origin and destination coordinates aggregated to 0.1 degrees; only records with both valid coordinate pairs are included.
-27.5,152.0,-27.1,152.0,1,https://www.data.qld.gov.au/dataset/koala-hospital-data,2026-09-29,Origin and destination coordinates aggregated to 0.1 degrees; only records with both valid coordinate pairs are included.
-27.6,151.6,-27.5,152.1,1,https://www.data.qld.gov.au/dataset/koala-hospital-data,2026-09-29,Origin and destination coordinates aggregated to 0.1 degrees; only records with both valid coordinate pairs are included.
-26.6,153.0,-26.6,153.0,1,https://www.data.qld.gov.au/dataset/koala-hospital-data,2026-09-29,Origin and destination coordinates aggregated to 0.1 degrees; only records with both valid coordinate pairs are included.
-25.5,152.7,-25.4,152.8,1,https://www.data.qld.gov.au/dataset/koala-hospital-data,2026-09-29,Origin and destination coordinates aggregated to 0.1 degrees; only records with both valid coordinate pairs are included.
-26.2,151.9,-26.3,151.9,1,https://www.data.qld.gov.au/dataset/koala-hospital-data,2026-09-29,Origin and destination coordinates aggregated to 0.1 degrees; only records with both valid coordinate pairs are included.
-28.0,151.9,-21.5,148.2,1,https://www.data.qld.gov.au/dataset/koala-hospital-data,2026-09-29,Origin and destination coordinates aggregated to 0.1 degrees; only records with both valid coordinate pairs are included.
-28.4,152.0,-28.4,152.1,1,https://www.data.qld.gov.au/dataset/koala-hospital-data,2026-09-29,Origin and destination coordinates aggregated to 0.1 degrees; only records with both valid coordinate pairs are included.
-28.7,152.0,-28.7,152.0,1,https://www.data.qld.gov.au/dataset/koala-hospital-data,2026-09-29,Origin and destination coordinates aggregated to 0.1 degrees; only records with both valid coordinate pairs are included.
-27.5,153.1,-27.7,152.5,1,https://www.data.qld.gov.au/dataset/koala-hospital-data,2026-09-29,Origin and destination coordinates aggregated to 0.1 degrees; only records with both valid coordinate pairs are included.
-27.5,153.1,-27.7,152.4,1,https://www.data.qld.gov.au/dataset/koala-hospital-data,2026-09-29,Origin and destination coordinates aggregated to 0.1 degrees; only records with both valid coordinate pairs are included.
-27.1,151.6,-27.2,151.6,1,https://www.data.qld.gov.au/dataset/koala-hospital-data,2026-09-29,Origin and destination coordinates aggregated to 0.1 degrees; only records with both valid coordinate pairs are included.
-27.2,153.0,-27.7,152.5,1,https://www.data.qld.gov.au/dataset/koala-hospital-data,2026-09-29,Origin and destination coordinates aggregated to 0.1 degrees; only records with both valid coordinate pairs are included.
-27.3,151.8,-27.3,151.8,1,https://www.data.qld.gov.au/dataset/koala-hospital-data,2026-09-29,Origin and destination coordinates aggregated to 0.1 degrees; only records with both valid coordinate pairs are included.
-26.4,153.1,-26.3,152.9,1,https://www.data.qld.gov.au/dataset/koala-hospital-data,2026-09-29,Origin and destination coordinates aggregated to 0.1 degrees; only records with both valid coordinate pairs are included.
-26.1,152.9,-26.1,152.8,1,https://www.data.qld.gov.au/dataset/koala-hospital-data,2026-09-29,Origin and destination coordinates aggregated to 0.1 degrees; only records with both valid coordinate pairs are included.
-26.1,152.8,-26.2,152.8,1,https://www.data.qld.gov.au/dataset/koala-hospital-data,2026-09-29,Origin and destination coordinates aggregated to 0.1 degrees; only records with both valid coordinate pairs are included.
-26.1,152.8,-26.1,152.9,1,https://www.data.qld.gov.au/dataset/koala-hospital-data,2026-09-29,Origin and destination coordinates aggregated to 0.1 degrees; only records with both valid coordinate pairs are included.
-26.3,152.9,-26.4,152.9,1,https://www.data.qld.gov.au/dataset/koala-hospital-data,2026-09-29,Origin and destination coordinates aggregated to 0.1 degrees; only records with both valid coordinate pairs are included.
-26.5,152.9,-26.5,152.9,1,https://www.data.qld.gov.au/dataset/koala-hospital-data,2026-09-29,Origin and destination coordinates aggregated to 0.1 degrees; only records with both valid coordinate pairs are included.
-26.6,152.3,-26.6,152.3,1,https://www.data.qld.gov.au/dataset/koala-hospital-data,2026-09-29,Origin and destination coordinates aggregated to 0.1 degrees; only records with both valid coordinate pairs are included.
-26.4,153.0,-27.9,153.0,1,https://www.data.qld.gov.au/dataset/koala-hospital-data,2026-09-29,Origin and destination coordinates aggregated to 0.1 degrees; only records with both valid coordinate pairs are included.
-26.6,152.4,-26.7,152.5,1,https://www.data.qld.gov.au/dataset/koala-hospital-data,2026-09-29,Origin and destination coordinates aggregated to 0.1 degrees; only records with both valid coordinate pairs are included.
-26.6,152.4,-26.7,152.4,1,https://www.data.qld.gov.au/dataset/koala-hospital-data,2026-09-29,Origin and destination coordinates aggregated to 0.1 degrees; only records with both valid coordinate pairs are included.
-27.2,152.4,-27.3,152.4,1,https://www.data.qld.gov.au/dataset/koala-hospital-data,2026-09-29,Origin and destination coordinates aggregated to 0.1 degrees; only records with both valid coordinate pairs are included.
-27.7,151.5,-27.7,151.6,1,https://www.data.qld.gov.au/dataset/koala-hospital-data,2026-09-29,Origin and destination coordinates aggregated to 0.1 degrees; only records with both valid coordinate pairs are included.
-27.5,152.0,-27.7,151.9,1,https://www.data.qld.gov.au/dataset/koala-hospital-data,2026-09-29,Origin and destination coordinates aggregated to 0.1 degrees; only records with both valid coordinate pairs are included.
-28.2,153.5,-28.1,153.5,1,https://www.data.qld.gov.au/dataset/koala-hospital-data,2026-09-29,Origin and destination coordinates aggregated to 0.1 degrees; only records with both valid coordinate pairs are included.
-27.5,152.1,-27.5,152.0,1,https://www.data.qld.gov.au/dataset/koala-hospital-data,2026-09-29,Origin and destination coordinates aggregated to 0.1 degrees; only records with both valid coordinate pairs are included.
-27.6,153.3,-27.7,153.3,1,https://www.data.qld.gov.au/dataset/koala-hospital-data,2026-09-29,Origin and destination coordinates aggregated to 0.1 degrees; only records with both valid coordinate pairs are included.
-26.3,151.8,-26.3,151.8,1,https://www.data.qld.gov.au/dataset/koala-hospital-data,2026-09-29,Origin and destination coordinates aggregated to 0.1 degrees; only records with both valid coordinate pairs are included.
-26.8,151.1,-26.8,151.1,1,https://www.data.qld.gov.au/dataset/koala-hospital-data,2026-09-29,Origin and destination coordinates aggregated to 0.1 degrees; only records with both valid coordinate pairs are included.
-27.6,153.0,-27.5,153.0,1,https://www.data.qld.gov.au/dataset/koala-hospital-data,2026-09-29,Origin and destination coordinates aggregated to 0.1 degrees; only records with both valid coordinate pairs are included.
-27.3,153.0,-27.4,152.9,1,https://www.data.qld.gov.au/dataset/koala-hospital-data,2026-09-29,Origin and destination coordinates aggregated to 0.1 degrees; only records with both valid coordinate pairs are included.
-27.2,153.1,-27.4,152.9,1,https://www.data.qld.gov.au/dataset/koala-hospital-data,2026-09-29,Origin and destination coordinates aggregated to 0.1 degrees; only records with both valid coordinate pairs are included.
-27.1,152.3,-27.1,152.3,1,https://www.data.qld.gov.au/dataset/koala-hospital-data,2026-09-29,Origin and destination coordinates aggregated to 0.1 degrees; only records with both valid coordinate pairs are included.
-28.2,152.8,-28.2,152.8,1,https://www.data.qld.gov.au/dataset/koala-hospital-data,2026-09-29,Origin and destination coordinates aggregated to 0.1 degrees; only records with both valid coordinate pairs are included.
-28.1,152.5,-28.0,152.5,1,https://www.data.qld.gov.au/dataset/koala-hospital-data,2026-09-29,Origin and destination coordinates aggregated to 0.1 degrees; only records with both valid coordinate pairs are included.
-27.3,152.9,-27.6,153.1,1,https://www.data.qld.gov.au/dataset/koala-hospital-data,2026-09-29,Origin and destination coordinates aggregated to 0.1 degrees; only records with both valid coordinate pairs are included.
-27.6,153.1,-27.6,152.9,1,https://www.data.qld.gov.au/dataset/koala-hospital-data,2026-09-29,Origin and destination coordinates aggregated to 0.1 degrees; only records with both valid coordinate pairs are included.
-26.1,152.7,-26.1,152.8,1,https://www.data.qld.gov.au/dataset/koala-hospital-data,2026-09-29,Origin and destination coordinates aggregated to 0.1 degrees; only records with both valid coordinate pairs are included.
-27.9,153.4,-27.8,153.4,1,https://www.data.qld.gov.au/dataset/koala-hospital-data,2026-09-29,Origin and destination coordinates aggregated to 0.1 degrees; only records with both valid coordinate pairs are included.
-27.4,152.0,-27.7,151.7,1,https://www.data.qld.gov.au/dataset/koala-hospital-data,2026-09-29,Origin and destination coordinates aggregated to 0.1 degrees; only records with both valid coordinate pairs are included.
-26.4,152.7,-26.4,152.9,1,https://www.data.qld.gov.au/dataset/koala-hospital-data,2026-09-29,Origin and destination coordinates aggregated to 0.1 degrees; only records with both valid coordinate pairs are included.
-27.1,153.0,-27.0,153.1,1,https://www.data.qld.gov.au/dataset/koala-hospital-data,2026-09-29,Origin and destination coordinates aggregated to 0.1 degrees; only records with both valid coordinate pairs are included.
-26.8,152.6,-26.8,152.6,1,https://www.data.qld.gov.au/dataset/koala-hospital-data,2026-09-29,Origin and destination coordinates aggregated to 0.1 degrees; only records with both valid coordinate pairs are included.
-26.1,152.8,-26.2,152.9,1,https://www.data.qld.gov.au/dataset/koala-hospital-data,2026-09-29,Origin and destination coordinates aggregated to 0.1 degrees; only records with both valid coordinate pairs are included.
-27.6,152.9,-27.6,152.8,1,https://www.data.qld.gov.au/dataset/koala-hospital-data,2026-09-29,Origin and destination coordinates aggregated to 0.1 degrees; only records with both valid coordinate pairs are included.
-27.1,151.3,-27.1,151.2,1,https://www.data.qld.gov.au/dataset/koala-hospital-data,2026-09-29,Origin and destination coordinates aggregated to 0.1 degrees; only records with both valid coordinate pairs are included.
-27.4,151.9,-27.4,152.0,1,https://www.data.qld.gov.au/dataset/koala-hospital-data,2026-09-29,Origin and destination coordinates aggregated to 0.1 degrees; only records with both valid coordinate pairs are included.
-28.0,152.0,-28.0,152.0,1,https://www.data.qld.gov.au/dataset/koala-hospital-data,2026-09-29,Origin and destination coordinates aggregated to 0.1 degrees; only records with both valid coordinate pairs are included.
-26.1,151.5,-26.1,151.5,1,https://www.data.qld.gov.au/dataset/koala-hospital-data,2026-09-29,Origin and destination coordinates aggregated to 0.1 degrees; only records with both valid coordinate pairs are included.
-27.0,152.4,-28.0,152.4,1,https://www.data.qld.gov.au/dataset/koala-hospital-data,2026-09-29,Origin and destination coordinates aggregated to 0.1 degrees; only records with both valid coordinate pairs are included.
-27.9,153.4,-28.2,153.4,1,https://www.data.qld.gov.au/dataset/koala-hospital-data,2026-09-29,Origin and destination coordinates aggregated to 0.1 degrees; only records with both valid coordinate pairs are included.
-27.5,152.5,-27.5,152.6,1,https://www.data.qld.gov.au/dataset/koala-hospital-data,2026-09-29,Origin and destination coordinates aggregated to 0.1 degrees; only records with both valid coordinate pairs are included.
-26.6,152.4,-26.6,152.4,1,https://www.data.qld.gov.au/dataset/koala-hospital-data,2026-09-29,Origin and destination coordinates aggregated to 0.1 degrees; only records with both valid coordinate pairs are included.
-21.6,148.7,-21.6,148.7,1,https://www.data.qld.gov.au/dataset/koala-hospital-data,2026-09-29,Origin and destination coordinates aggregated to 0.1 degrees; only records with both valid coordinate pairs are included.
-27.0,153.1,-27.8,153.3,1,https://www.data.qld.gov.au/dataset/koala-hospital-data,2026-09-29,Origin and destination coordinates aggregated to 0.1 degrees; only records with both valid coordinate pairs are included.
-27.4,153.0,-27.3,153.0,1,https://www.data.qld.gov.au/dataset/koala-hospital-data,2026-09-29,Origin and destination coordinates aggregated to 0.1 degrees; only records with both valid coordinate pairs are included.
-26.3,152.6,-26.3,152.7,1,https://www.data.qld.gov.au/dataset/koala-hospital-data,2026-09-29,Origin and destination coordinates aggregated to 0.1 degrees; only records with both valid coordinate pairs are included.
-27.4,151.9,-27.5,151.9,1,https://www.data.qld.gov.au/dataset/koala-hospital-data,2026-09-29,Origin and destination coordinates aggregated to 0.1 degrees; only records with both valid coordinate pairs are included.
-26.4,153.1,-26.5,153.1,1,https://www.data.qld.gov.au/dataset/koala-hospital-data,2026-09-29,Origin and destination coordinates aggregated to 0.1 degrees; only records with both valid coordinate pairs are included.
-26.3,152.9,-26.3,153.0,1,https://www.data.qld.gov.au/dataset/koala-hospital-data,2026-09-29,Origin and destination coordinates aggregated to 0.1 degrees; only records with both valid coordinate pairs are included.
-26.4,152.6,-26.4,152.7,1,https://www.data.qld.gov.au/dataset/koala-hospital-data,2026-09-29,Origin and destination coordinates aggregated to 0.1 degrees; only records with both valid coordinate pairs are included.
-26.5,153.0,-26.5,153.1,1,https://www.data.qld.gov.au/dataset/koala-hospital-data,2026-09-29,Origin and destination coordinates aggregated to 0.1 degrees; only records with both valid coordinate pairs are included.
-27.4,152.5,-27.2,152.4,1,https://www.data.qld.gov.au/dataset/koala-hospital-data,2026-09-29,Origin and destination coordinates aggregated to 0.1 degrees; only records with both valid coordinate pairs are included.
-26.2,152.9,-26.2,152.9,1,https://www.data.qld.gov.au/dataset/koala-hospital-data,2026-09-29,Origin and destination coordinates aggregated to 0.1 degrees; only records with both valid coordinate pairs are included.
-27.7,153.1,-27.6,152.9,1,https://www.data.qld.gov.au/dataset/koala-hospital-data,2026-09-29,Origin and destination coordinates aggregated to 0.1 degrees; only records with both valid coordinate pairs are included.
-27.8,153.0,-27.8,152.9,1,https://www.data.qld.gov.au/dataset/koala-hospital-data,2026-09-29,Origin and destination coordinates aggregated to 0.1 degrees; only records with both valid coordinate pairs are included.
-27.2,153.0,-27.3,152.8,1,https://www.data.qld.gov.au/dataset/koala-hospital-data,2026-09-29,Origin and destination coordinates aggregated to 0.1 degrees; only records with both valid coordinate pairs are included.
-26.2,152.7,-26.1,152.2,1,https://www.data.qld.gov.au/dataset/koala-hospital-data,2026-09-29,Origin and destination coordinates aggregated to 0.1 degrees; only records with both valid coordinate pairs are included.
-26.9,152.3,-26.9,152.3,1,https://www.data.qld.gov.au/dataset/koala-hospital-data,2026-09-29,Origin and destination coordinates aggregated to 0.1 degrees; only records with both valid coordinate pairs are included.
-27.4,152.1,-27.4,152.0,1,https://www.data.qld.gov.au/dataset/koala-hospital-data,2026-09-29,Origin and destination coordinates aggregated to 0.1 degrees; only records with both valid coordinate pairs are included.
-27.5,152.3,-27.5,152.2,1,https://www.data.qld.gov.au/dataset/koala-hospital-data,2026-09-29,Origin and destination coordinates aggregated to 0.1 degrees; only records with both valid coordinate pairs are included.
-26.2,152.7,-26.3,152.7,1,https://www.data.qld.gov.au/dataset/koala-hospital-data,2026-09-29,Origin and destination coordinates aggregated to 0.1 degrees; only records with both valid coordinate pairs are included.
-27.9,153.1,-27.9,153.2,1,https://www.data.qld.gov.au/dataset/koala-hospital-data,2026-09-29,Origin and destination coordinates aggregated to 0.1 degrees; only records with both valid coordinate pairs are included.
-26.6,151.9,-26.7,152.0,1,https://www.data.qld.gov.au/dataset/koala-hospital-data,2026-09-29,Origin and destination coordinates aggregated to 0.1 degrees; only records with both valid coordinate pairs are included.
-27.3,153.1,-27.3,152.9,1,https://www.data.qld.gov.au/dataset/koala-hospital-data,2026-09-29,Origin and destination coordinates aggregated to 0.1 degrees; only records with both valid coordinate pairs are included.
-27.4,153.0,-27.5,153.1,1,https://www.data.qld.gov.au/dataset/koala-hospital-data,2026-09-29,Origin and destination coordinates aggregated to 0.1 degrees; only records with both valid coordinate pairs are included.
-26.5,152.6,-26.5,152.5,1,https://www.data.qld.gov.au/dataset/koala-hospital-data,2026-09-29,Origin and destination coordinates aggregated to 0.1 degrees; only records with both valid coordinate pairs are included.
-25.4,151.1,-25.4,151.1,1,https://www.data.qld.gov.au/dataset/koala-hospital-data,2026-09-29,Origin and destination coordinates aggregated to 0.1 degrees; only records with both valid coordinate pairs are included.
-28.0,152.6,-27.9,152.6,1,https://www.data.qld.gov.au/dataset/koala-hospital-data,2026-09-29,Origin and destination coordinates aggregated to 0.1 degrees; only records with both valid coordinate pairs are included.
-28.3,152.0,-28.3,152.0,1,https://www.data.qld.gov.au/dataset/koala-hospital-data,2026-09-29,Origin and destination coordinates aggregated to 0.1 degrees; only records with both valid coordinate pairs are included.
-27.2,152.4,-27.1,152.3,1,https://www.data.qld.gov.au/dataset/koala-hospital-data,2026-09-29,Origin and destination coordinates aggregated to 0.1 degrees; only records with both valid coordinate pairs are included.
-27.1,151.9,-27.1,151.9,1,https://www.data.qld.gov.au/dataset/koala-hospital-data,2026-09-29,Origin and destination coordinates aggregated to 0.1 degrees; only records with both valid coordinate pairs are included.
-27.5,153.4,-27.4,153.4,1,https://www.data.qld.gov.au/dataset/koala-hospital-data,2026-09-29,Origin and destination coordinates aggregated to 0.1 degrees; only records with both valid coordinate pairs are included.
-27.5,153.1,-27.3,153.0,1,https://www.data.qld.gov.au/dataset/koala-hospital-data,2026-09-29,Origin and destination coordinates aggregated to 0.1 degrees; only records with both valid coordinate pairs are included.
-26.3,148.9,-26.3,148.9,1,https://www.data.qld.gov.au/dataset/koala-hospital-data,2026-09-29,Origin and destination coordinates aggregated to 0.1 degrees; only records with both valid coordinate pairs are included.
-27.5,152.5,-27.6,152.5,1,https://www.data.qld.gov.au/dataset/koala-hospital-data,2026-09-29,Origin and destination coordinates aggregated to 0.1 degrees; only records with both valid coordinate pairs are included.
-27.2,152.5,-27.2,152.6,1,https://www.data.qld.gov.au/dataset/koala-hospital-data,2026-09-29,Origin and destination coordinates aggregated to 0.1 degrees; only records with both valid coordinate pairs are included.
-27.1,153.0,-27.3,152.9,1,https://www.data.qld.gov.au/dataset/koala-hospital-data,2026-09-29,Origin and destination coordinates aggregated to 0.1 degrees; only records with both valid coordinate pairs are included.
-26.6,151.8,-26.7,151.8,1,https://www.data.qld.gov.au/dataset/koala-hospital-data,2026-09-29,Origin and destination coordinates aggregated to 0.1 degrees; only records with both valid coordinate pairs are included.
-26.7,152.4,-26.7,152.4,1,https://www.data.qld.gov.au/dataset/koala-hospital-data,2026-09-29,Origin and destination coordinates aggregated to 0.1 degrees; only records with both valid coordinate pairs are included.
-27.5,153.0,-27.6,153.2,1,https://www.data.qld.gov.au/dataset/koala-hospital-data,2026-09-29,Origin and destination coordinates aggregated to 0.1 degrees; only records with both valid coordinate pairs are included.
-28.2,153.5,-28.1,153.4,1,https://www.data.qld.gov.au/dataset/koala-hospital-data,2026-09-29,Origin and destination coordinates aggregated to 0.1 degrees; only records with both valid coordinate pairs are included.
-27.2,153.0,-27.1,152.9,1,https://www.data.qld.gov.au/dataset/koala-hospital-data,2026-09-29,Origin and destination coordinates aggregated to 0.1 degrees; only records with both valid coordinate pairs are included.
-26.7,153.1,-27.5,153.2,1,https://www.data.qld.gov.au/dataset/koala-hospital-data,2026-09-29,Origin and destination coordinates aggregated to 0.1 degrees; only records with both valid coordinate pairs are included.
-27.2,152.2,-27.3,152.4,1,https://www.data.qld.gov.au/dataset/koala-hospital-data,2026-09-29,Origin and destination coordinates aggregated to 0.1 degrees; only records with both valid coordinate pairs are included.
-26.5,151.9,-28.1,153.4,1,https://www.data.qld.gov.au/dataset/koala-hospital-data,2026-09-29,Origin and destination coordinates aggregated to 0.1 degrees; only records with both valid coordinate pairs are included.
-26.3,152.2,-26.3,152.2,1,https://www.data.qld.gov.au/dataset/koala-hospital-data,2026-09-29,Origin and destination coordinates aggregated to 0.1 degrees; only records with both valid coordinate pairs are included.
-26.4,152.7,-26.2,152.4,1,https://www.data.qld.gov.au/dataset/koala-hospital-data,2026-09-29,Origin and destination coordinates aggregated to 0.1 degrees; only records with both valid coordinate pairs are included.
-27.3,151.9,-27.4,151.9,1,https://www.data.qld.gov.au/dataset/koala-hospital-data,2026-09-29,Origin and destination coordinates aggregated to 0.1 degrees; only records with both valid coordinate pairs are included.
-28.3,152.8,-28.2,152.8,1,https://www.data.qld.gov.au/dataset/koala-hospital-data,2026-09-29,Origin and destination coordinates aggregated to 0.1 degrees; only records with both valid coordinate pairs are included.
-27.5,151.9,-27.6,151.9,1,https://www.data.qld.gov.au/dataset/koala-hospital-data,2026-09-29,Origin and destination coordinates aggregated to 0.1 degrees; only records with both valid coordinate pairs are included.
-21.7,148.7,-21.7,148.7,1,https://www.data.qld.gov.au/dataset/koala-hospital-data,2026-09-29,Origin and destination coordinates aggregated to 0.1 degrees; only records with both valid coordinate pairs are included.
-26.4,152.9,-26.4,152.8,1,https://www.data.qld.gov.au/dataset/koala-hospital-data,2026-09-29,Origin and destination coordinates aggregated to 0.1 degrees; only records with both valid coordinate pairs are included.
